scenario_id,policy,demand_level,vehicles_per_wave,adoption_rate,nav_count,disruption,disruption_factor,disrupted_road,seed,horizon,completed_journeys,mean_journey_time,median_journey_time,p95_journey_time,total_network_delay,peak_network_congestion,recovery_time,recovered,recovery_censored,recovery_status
policy-static__demand-low__adoption-0__disruption-none__seed-0,static,low,1,0.0,0,none,,"(1, 2)",0,100,10,1.0,1.0,1.0,0.0,0.008928571428571428,,,False,not_applicable
policy-static__demand-low__adoption-0__disruption-none__seed-1,static,low,1,0.0,0,none,,"(1, 2)",1,100,10,1.0,1.0,1.0,0.0,0.008928571428571428,,,False,not_applicable
policy-static__demand-low__adoption-0__disruption-none__seed-2,static,low,1,0.0,0,none,,"(1, 2)",2,100,10,1.0,1.0,1.0,0.0,0.008928571428571428,,,False,not_applicable
policy-static__demand-low__adoption-0__disruption-none__seed-3,static,low,1,0.0,0,none,,"(1, 2)",3,100,10,1.0,1.0,1.0,0.0,0.008928571428571428,,,False,not_applicable
policy-static__demand-low__adoption-0__disruption-none__seed-4,static,low,1,0.0,0,none,,"(1, 2)",4,100,10,1.0,1.0,1.0,0.0,0.008928571428571428,,,False,not_applicable
policy-static__demand-low__adoption-0__disruption-capacity_reduction__seed-0,static,low,1,0.0,0,capacity_reduction,0.5,"(1, 2)",0,100,10,1.0,1.0,1.0,0.0,0.00980392156862745,,False,False,no_excursion
policy-static__demand-low__adoption-0__disruption-capacity_reduction__seed-1,static,low,1,0.0,0,capacity_reduction,0.5,"(1, 2)",1,100,10,1.0,1.0,1.0,0.0,0.00980392156862745,,False,False,no_excursion
policy-static__demand-low__adoption-0__disruption-capacity_reduction__seed-2,static,low,1,0.0,0,capacity_reduction,0.5,"(1, 2)",2,100,10,1.0,1.0,1.0,0.0,0.00980392156862745,,False,False,no_excursion
policy-static__demand-low__adoption-0__disruption-capacity_reduction__seed-3,static,low,1,0.0,0,capacity_reduction,0.5,"(1, 2)",3,100,10,1.0,1.0,1.0,0.0,0.00980392156862745,,False,False,no_excursion
policy-static__demand-low__adoption-0__disruption-capacity_reduction__seed-4,static,low,1,0.0,0,capacity_reduction,0.5,"(1, 2)",4,100,10,1.0,1.0,1.0,0.0,0.00980392156862745,,False,False,no_excursion
policy-static__demand-low__adoption-0__disruption-closure__seed-0,static,low,1,0.0,0,closure,,"(1, 2)",0,100,10,1.8,1.0,5.0,8.0,0.010869565217391304,,False,False,no_excursion
policy-static__demand-low__adoption-0__disruption-closure__seed-1,static,low,1,0.0,0,closure,,"(1, 2)",1,100,10,1.8,1.0,5.0,8.0,0.010869565217391304,,False,False,no_excursion
policy-static__demand-low__adoption-0__disruption-closure__seed-2,static,low,1,0.0,0,closure,,"(1, 2)",2,100,10,1.8,1.0,5.0,8.0,0.010869565217391304,,False,False,no_excursion
policy-static__demand-low__adoption-0__disruption-closure__seed-3,static,low,1,0.0,0,closure,,"(1, 2)",3,100,10,1.8,1.0,5.0,8.0,0.010869565217391304,,False,False,no_excursion
policy-static__demand-low__adoption-0__disruption-closure__seed-4,static,low,1,0.0,0,closure,,"(1, 2)",4,100,10,1.8,1.0,5.0,8.0,0.010869565217391304,,False,False,no_excursion
policy-static__demand-low__adoption-0.25__disruption-none__seed-0,static,low,1,0.25,0,none,,"(1, 2)",0,100,10,1.0,1.0,1.0,0.0,0.008928571428571428,,,False,not_applicable
policy-static__demand-low__adoption-0.25__disruption-none__seed-1,static,low,1,0.25,0,none,,"(1, 2)",1,100,10,1.0,1.0,1.0,0.0,0.008928571428571428,,,False,not_applicable
policy-static__demand-low__adoption-0.25__disruption-none__seed-2,static,low,1,0.25,0,none,,"(1, 2)",2,100,10,1.0,1.0,1.0,0.0,0.008928571428571428,,,False,not_applicable
policy-static__demand-low__adoption-0.25__disruption-none__seed-3,static,low,1,0.25,0,none,,"(1, 2)",3,100,10,1.0,1.0,1.0,0.0,0.008928571428571428,,,False,not_applicable
policy-static__demand-low__adoption-0.25__disruption-none__seed-4,static,low,1,0.25,0,none,,"(1, 2)",4,100,10,1.0,1.0,1.0,0.0,0.008928571428571428,,,False,not_applicable
policy-static__demand-low__adoption-0.25__disruption-capacity_reduction__seed-0,static,low,1,0.25,0,capacity_reduction,0.5,"(1, 2)",0,100,10,1.0,1.0,1.0,0.0,0.00980392156862745,,False,False,no_excursion
policy-static__demand-low__adoption-0.25__disruption-capacity_reduction__seed-1,static,low,1,0.25,0,capacity_reduction,0.5,"(1, 2)",1,100,10,1.0,1.0,1.0,0.0,0.00980392156862745,,False,False,no_excursion
policy-static__demand-low__adoption-0.25__disruption-capacity_reduction__seed-2,static,low,1,0.25,0,capacity_reduction,0.5,"(1, 2)",2,100,10,1.0,1.0,1.0,0.0,0.00980392156862745,,False,False,no_excursion
policy-static__demand-low__adoption-0.25__disruption-capacity_reduction__seed-3,static,low,1,0.25,0,capacity_reduction,0.5,"(1, 2)",3,100,10,1.0,1.0,1.0,0.0,0.00980392156862745,,False,False,no_excursion
policy-static__demand-low__adoption-0.25__disruption-capacity_reduction__seed-4,static,low,1,0.25,0,capacity_reduction,0.5,"(1, 2)",4,100,10,1.0,1.0,1.0,0.0,0.00980392156862745,,False,False,no_excursion
policy-static__demand-low__adoption-0.25__disruption-closure__seed-0,static,low,1,0.25,0,closure,,"(1, 2)",0,100,10,1.8,1.0,5.0,8.0,0.010869565217391304,,False,False,no_excursion
policy-static__demand-low__adoption-0.25__disruption-closure__seed-1,static,low,1,0.25,0,closure,,"(1, 2)",1,100,10,1.8,1.0,5.0,8.0,0.010869565217391304,,False,False,no_excursion
policy-static__demand-low__adoption-0.25__disruption-closure__seed-2,static,low,1,0.25,0,closure,,"(1, 2)",2,100,10,1.8,1.0,5.0,8.0,0.010869565217391304,,False,False,no_excursion
policy-static__demand-low__adoption-0.25__disruption-closure__seed-3,static,low,1,0.25,0,closure,,"(1, 2)",3,100,10,1.8,1.0,5.0,8.0,0.010869565217391304,,False,False,no_excursion
policy-static__demand-low__adoption-0.25__disruption-closure__seed-4,static,low,1,0.25,0,closure,,"(1, 2)",4,100,10,1.8,1.0,5.0,8.0,0.010869565217391304,,False,False,no_excursion
policy-static__demand-low__adoption-0.5__disruption-none__seed-0,static,low,1,0.5,0,none,,"(1, 2)",0,100,10,1.0,1.0,1.0,0.0,0.008928571428571428,,,False,not_applicable
policy-static__demand-low__adoption-0.5__disruption-none__seed-1,static,low,1,0.5,0,none,,"(1, 2)",1,100,10,1.0,1.0,1.0,0.0,0.008928571428571428,,,False,not_applicable
policy-static__demand-low__adoption-0.5__disruption-none__seed-2,static,low,1,0.5,0,none,,"(1, 2)",2,100,10,1.0,1.0,1.0,0.0,0.008928571428571428,,,False,not_applicable
policy-static__demand-low__adoption-0.5__disruption-none__seed-3,static,low,1,0.5,0,none,,"(1, 2)",3,100,10,1.0,1.0,1.0,0.0,0.008928571428571428,,,False,not_applicable
policy-static__demand-low__adoption-0.5__disruption-none__seed-4,static,low,1,0.5,0,none,,"(1, 2)",4,100,10,1.0,1.0,1.0,0.0,0.008928571428571428,,,False,not_applicable
policy-static__demand-low__adoption-0.5__disruption-capacity_reduction__seed-0,static,low,1,0.5,0,capacity_reduction,0.5,"(1, 2)",0,100,10,1.0,1.0,1.0,0.0,0.00980392156862745,,False,False,no_excursion
policy-static__demand-low__adoption-0.5__disruption-capacity_reduction__seed-1,static,low,1,0.5,0,capacity_reduction,0.5,"(1, 2)",1,100,10,1.0,1.0,1.0,0.0,0.00980392156862745,,False,False,no_excursion
policy-static__demand-low__adoption-0.5__disruption-capacity_reduction__seed-2,static,low,1,0.5,0,capacity_reduction,0.5,"(1, 2)",2,100,10,1.0,1.0,1.0,0.0,0.00980392156862745,,False,False,no_excursion
policy-static__demand-low__adoption-0.5__disruption-capacity_reduction__seed-3,static,low,1,0.5,0,capacity_reduction,0.5,"(1, 2)",3,100,10,1.0,1.0,1.0,0.0,0.00980392156862745,,False,False,no_excursion
policy-static__demand-low__adoption-0.5__disruption-capacity_reduction__seed-4,static,low,1,0.5,0,capacity_reduction,0.5,"(1, 2)",4,100,10,1.0,1.0,1.0,0.0,0.00980392156862745,,False,False,no_excursion
policy-static__demand-low__adoption-0.5__disruption-closure__seed-0,static,low,1,0.5,0,closure,,"(1, 2)",0,100,10,1.8,1.0,5.0,8.0,0.010869565217391304,,False,False,no_excursion
policy-static__demand-low__adoption-0.5__disruption-closure__seed-1,static,low,1,0.5,0,closure,,"(1, 2)",1,100,10,1.8,1.0,5.0,8.0,0.010869565217391304,,False,False,no_excursion
policy-static__demand-low__adoption-0.5__disruption-closure__seed-2,static,low,1,0.5,0,closure,,"(1, 2)",2,100,10,1.8,1.0,5.0,8.0,0.010869565217391304,,False,False,no_excursion
policy-static__demand-low__adoption-0.5__disruption-closure__seed-3,static,low,1,0.5,0,closure,,"(1, 2)",3,100,10,1.8,1.0,5.0,8.0,0.010869565217391304,,False,False,no_excursion
policy-static__demand-low__adoption-0.5__disruption-closure__seed-4,static,low,1,0.5,0,closure,,"(1, 2)",4,100,10,1.8,1.0,5.0,8.0,0.010869565217391304,,False,False,no_excursion
policy-static__demand-low__adoption-0.75__disruption-none__seed-0,static,low,1,0.75,0,none,,"(1, 2)",0,100,10,1.0,1.0,1.0,0.0,0.008928571428571428,,,False,not_applicable
policy-static__demand-low__adoption-0.75__disruption-none__seed-1,static,low,1,0.75,0,none,,"(1, 2)",1,100,10,1.0,1.0,1.0,0.0,0.008928571428571428,,,False,not_applicable
policy-static__demand-low__adoption-0.75__disruption-none__seed-2,static,low,1,0.75,0,none,,"(1, 2)",2,100,10,1.0,1.0,1.0,0.0,0.008928571428571428,,,False,not_applicable
policy-static__demand-low__adoption-0.75__disruption-none__seed-3,static,low,1,0.75,0,none,,"(1, 2)",3,100,10,1.0,1.0,1.0,0.0,0.008928571428571428,,,False,not_applicable
policy-static__demand-low__adoption-0.75__disruption-none__seed-4,static,low,1,0.75,0,none,,"(1, 2)",4,100,10,1.0,1.0,1.0,0.0,0.008928571428571428,,,False,not_applicable
policy-static__demand-low__adoption-0.75__disruption-capacity_reduction__seed-0,static,low,1,0.75,0,capacity_reduction,0.5,"(1, 2)",0,100,10,1.0,1.0,1.0,0.0,0.00980392156862745,,False,False,no_excursion
policy-static__demand-low__adoption-0.75__disruption-capacity_reduction__seed-1,static,low,1,0.75,0,capacity_reduction,0.5,"(1, 2)",1,100,10,1.0,1.0,1.0,0.0,0.00980392156862745,,False,False,no_excursion
policy-static__demand-low__adoption-0.75__disruption-capacity_reduction__seed-2,static,low,1,0.75,0,capacity_reduction,0.5,"(1, 2)",2,100,10,1.0,1.0,1.0,0.0,0.00980392156862745,,False,False,no_excursion
policy-static__demand-low__adoption-0.75__disruption-capacity_reduction__seed-3,static,low,1,0.75,0,capacity_reduction,0.5,"(1, 2)",3,100,10,1.0,1.0,1.0,0.0,0.00980392156862745,,False,False,no_excursion
policy-static__demand-low__adoption-0.75__disruption-capacity_reduction__seed-4,static,low,1,0.75,0,capacity_reduction,0.5,"(1, 2)",4,100,10,1.0,1.0,1.0,0.0,0.00980392156862745,,False,False,no_excursion
policy-static__demand-low__adoption-0.75__disruption-closure__seed-0,static,low,1,0.75,0,closure,,"(1, 2)",0,100,10,1.8,1.0,5.0,8.0,0.010869565217391304,,False,False,no_excursion
policy-static__demand-low__adoption-0.75__disruption-closure__seed-1,static,low,1,0.75,0,closure,,"(1, 2)",1,100,10,1.8,1.0,5.0,8.0,0.010869565217391304,,False,False,no_excursion
policy-static__demand-low__adoption-0.75__disruption-closure__seed-2,static,low,1,0.75,0,closure,,"(1, 2)",2,100,10,1.8,1.0,5.0,8.0,0.010869565217391304,,False,False,no_excursion
policy-static__demand-low__adoption-0.75__disruption-closure__seed-3,static,low,1,0.75,0,closure,,"(1, 2)",3,100,10,1.8,1.0,5.0,8.0,0.010869565217391304,,False,False,no_excursion
policy-static__demand-low__adoption-0.75__disruption-closure__seed-4,static,low,1,0.75,0,closure,,"(1, 2)",4,100,10,1.8,1.0,5.0,8.0,0.010869565217391304,,False,False,no_excursion
policy-static__demand-low__adoption-1__disruption-none__seed-0,static,low,1,1.0,0,none,,"(1, 2)",0,100,10,1.0,1.0,1.0,0.0,0.008928571428571428,,,False,not_applicable
policy-static__demand-low__adoption-1__disruption-none__seed-1,static,low,1,1.0,0,none,,"(1, 2)",1,100,10,1.0,1.0,1.0,0.0,0.008928571428571428,,,False,not_applicable
policy-static__demand-low__adoption-1__disruption-none__seed-2,static,low,1,1.0,0,none,,"(1, 2)",2,100,10,1.0,1.0,1.0,0.0,0.008928571428571428,,,False,not_applicable
policy-static__demand-low__adoption-1__disruption-none__seed-3,static,low,1,1.0,0,none,,"(1, 2)",3,100,10,1.0,1.0,1.0,0.0,0.008928571428571428,,,False,not_applicable
policy-static__demand-low__adoption-1__disruption-none__seed-4,static,low,1,1.0,0,none,,"(1, 2)",4,100,10,1.0,1.0,1.0,0.0,0.008928571428571428,,,False,not_applicable
policy-static__demand-low__adoption-1__disruption-capacity_reduction__seed-0,static,low,1,1.0,0,capacity_reduction,0.5,"(1, 2)",0,100,10,1.0,1.0,1.0,0.0,0.00980392156862745,,False,False,no_excursion
policy-static__demand-low__adoption-1__disruption-capacity_reduction__seed-1,static,low,1,1.0,0,capacity_reduction,0.5,"(1, 2)",1,100,10,1.0,1.0,1.0,0.0,0.00980392156862745,,False,False,no_excursion
policy-static__demand-low__adoption-1__disruption-capacity_reduction__seed-2,static,low,1,1.0,0,capacity_reduction,0.5,"(1, 2)",2,100,10,1.0,1.0,1.0,0.0,0.00980392156862745,,False,False,no_excursion
policy-static__demand-low__adoption-1__disruption-capacity_reduction__seed-3,static,low,1,1.0,0,capacity_reduction,0.5,"(1, 2)",3,100,10,1.0,1.0,1.0,0.0,0.00980392156862745,,False,False,no_excursion
policy-static__demand-low__adoption-1__disruption-capacity_reduction__seed-4,static,low,1,1.0,0,capacity_reduction,0.5,"(1, 2)",4,100,10,1.0,1.0,1.0,0.0,0.00980392156862745,,False,False,no_excursion
policy-static__demand-low__adoption-1__disruption-closure__seed-0,static,low,1,1.0,0,closure,,"(1, 2)",0,100,10,1.8,1.0,5.0,8.0,0.010869565217391304,,False,False,no_excursion
policy-static__demand-low__adoption-1__disruption-closure__seed-1,static,low,1,1.0,0,closure,,"(1, 2)",1,100,10,1.8,1.0,5.0,8.0,0.010869565217391304,,False,False,no_excursion
policy-static__demand-low__adoption-1__disruption-closure__seed-2,static,low,1,1.0,0,closure,,"(1, 2)",2,100,10,1.8,1.0,5.0,8.0,0.010869565217391304,,False,False,no_excursion
policy-static__demand-low__adoption-1__disruption-closure__seed-3,static,low,1,1.0,0,closure,,"(1, 2)",3,100,10,1.8,1.0,5.0,8.0,0.010869565217391304,,False,False,no_excursion
policy-static__demand-low__adoption-1__disruption-closure__seed-4,static,low,1,1.0,0,closure,,"(1, 2)",4,100,10,1.8,1.0,5.0,8.0,0.010869565217391304,,False,False,no_excursion
policy-static__demand-medium__adoption-0__disruption-none__seed-0,static,medium,5,0.0,0,none,,"(1, 2)",0,100,50,2.4,3.0,3.0,70.0,0.044642857142857144,,,False,not_applicable
policy-static__demand-medium__adoption-0__disruption-none__seed-1,static,medium,5,0.0,0,none,,"(1, 2)",1,100,50,2.4,3.0,3.0,70.0,0.044642857142857144,,,False,not_applicable
policy-static__demand-medium__adoption-0__disruption-none__seed-2,static,medium,5,0.0,0,none,,"(1, 2)",2,100,50,2.4,3.0,3.0,70.0,0.044642857142857144,,,False,not_applicable
policy-static__demand-medium__adoption-0__disruption-none__seed-3,static,medium,5,0.0,0,none,,"(1, 2)",3,100,50,2.4,3.0,3.0,70.0,0.044642857142857144,,,False,not_applicable
policy-static__demand-medium__adoption-0__disruption-none__seed-4,static,medium,5,0.0,0,none,,"(1, 2)",4,100,50,2.4,3.0,3.0,70.0,0.044642857142857144,,,False,not_applicable
policy-static__demand-medium__adoption-0__disruption-capacity_reduction__seed-0,static,medium,5,0.0,0,capacity_reduction,0.5,"(1, 2)",0,100,50,2.4,3.0,3.0,70.0,0.049019607843137254,,False,False,no_excursion
policy-static__demand-medium__adoption-0__disruption-capacity_reduction__seed-1,static,medium,5,0.0,0,capacity_reduction,0.5,"(1, 2)",1,100,50,2.4,3.0,3.0,70.0,0.049019607843137254,,False,False,no_excursion
policy-static__demand-medium__adoption-0__disruption-capacity_reduction__seed-2,static,medium,5,0.0,0,capacity_reduction,0.5,"(1, 2)",2,100,50,2.4,3.0,3.0,70.0,0.049019607843137254,,False,False,no_excursion
policy-static__demand-medium__adoption-0__disruption-capacity_reduction__seed-3,static,medium,5,0.0,0,capacity_reduction,0.5,"(1, 2)",3,100,50,2.4,3.0,3.0,70.0,0.049019607843137254,,False,False,no_excursion
policy-static__demand-medium__adoption-0__disruption-capacity_reduction__seed-4,static,medium,5,0.0,0,capacity_reduction,0.5,"(1, 2)",4,100,50,2.4,3.0,3.0,70.0,0.049019607843137254,,False,False,no_excursion
policy-static__demand-medium__adoption-0__disruption-closure__seed-0,static,medium,5,0.0,0,closure,,"(1, 2)",0,100,50,3.2,3.0,7.0,110.0,0.05434782608695652,,False,False,no_excursion
policy-static__demand-medium__adoption-0__disruption-closure__seed-1,static,medium,5,0.0,0,closure,,"(1, 2)",1,100,50,3.2,3.0,7.0,110.0,0.05434782608695652,,False,False,no_excursion
policy-static__demand-medium__adoption-0__disruption-closure__seed-2,static,medium,5,0.0,0,closure,,"(1, 2)",2,100,50,3.2,3.0,7.0,110.0,0.05434782608695652,,False,False,no_excursion
policy-static__demand-medium__adoption-0__disruption-closure__seed-3,static,medium,5,0.0,0,closure,,"(1, 2)",3,100,50,3.2,3.0,7.0,110.0,0.05434782608695652,,False,False,no_excursion
policy-static__demand-medium__adoption-0__disruption-closure__seed-4,static,medium,5,0.0,0,closure,,"(1, 2)",4,100,50,3.2,3.0,7.0,110.0,0.05434782608695652,,False,False,no_excursion
policy-static__demand-medium__adoption-0.25__disruption-none__seed-0,static,medium,5,0.25,0,none,,"(1, 2)",0,100,50,2.4,3.0,3.0,70.0,0.044642857142857144,,,False,not_applicable
policy-static__demand-medium__adoption-0.25__disruption-none__seed-1,static,medium,5,0.25,0,none,,"(1, 2)",1,100,50,2.4,3.0,3.0,70.0,0.044642857142857144,,,False,not_applicable
policy-static__demand-medium__adoption-0.25__disruption-none__seed-2,static,medium,5,0.25,0,none,,"(1, 2)",2,100,50,2.4,3.0,3.0,70.0,0.044642857142857144,,,False,not_applicable
policy-static__demand-medium__adoption-0.25__disruption-none__seed-3,static,medium,5,0.25,0,none,,"(1, 2)",3,100,50,2.4,3.0,3.0,70.0,0.044642857142857144,,,False,not_applicable
policy-static__demand-medium__adoption-0.25__disruption-none__seed-4,static,medium,5,0.25,0,none,,"(1, 2)",4,100,50,2.4,3.0,3.0,70.0,0.044642857142857144,,,False,not_applicable
policy-static__demand-medium__adoption-0.25__disruption-capacity_reduction__seed-0,static,medium,5,0.25,0,capacity_reduction,0.5,"(1, 2)",0,100,50,2.4,3.0,3.0,70.0,0.049019607843137254,,False,False,no_excursion
policy-static__demand-medium__adoption-0.25__disruption-capacity_reduction__seed-1,static,medium,5,0.25,0,capacity_reduction,0.5,"(1, 2)",1,100,50,2.4,3.0,3.0,70.0,0.049019607843137254,,False,False,no_excursion
policy-static__demand-medium__adoption-0.25__disruption-capacity_reduction__seed-2,static,medium,5,0.25,0,capacity_reduction,0.5,"(1, 2)",2,100,50,2.4,3.0,3.0,70.0,0.049019607843137254,,False,False,no_excursion
policy-static__demand-medium__adoption-0.25__disruption-capacity_reduction__seed-3,static,medium,5,0.25,0,capacity_reduction,0.5,"(1, 2)",3,100,50,2.4,3.0,3.0,70.0,0.049019607843137254,,False,False,no_excursion
policy-static__demand-medium__adoption-0.25__disruption-capacity_reduction__seed-4,static,medium,5,0.25,0,capacity_reduction,0.5,"(1, 2)",4,100,50,2.4,3.0,3.0,70.0,0.049019607843137254,,False,False,no_excursion
policy-static__demand-medium__adoption-0.25__disruption-closure__seed-0,static,medium,5,0.25,0,closure,,"(1, 2)",0,100,50,3.2,3.0,7.0,110.0,0.05434782608695652,,False,False,no_excursion
policy-static__demand-medium__adoption-0.25__disruption-closure__seed-1,static,medium,5,0.25,0,closure,,"(1, 2)",1,100,50,3.2,3.0,7.0,110.0,0.05434782608695652,,False,False,no_excursion
policy-static__demand-medium__adoption-0.25__disruption-closure__seed-2,static,medium,5,0.25,0,closure,,"(1, 2)",2,100,50,3.2,3.0,7.0,110.0,0.05434782608695652,,False,False,no_excursion
policy-static__demand-medium__adoption-0.25__disruption-closure__seed-3,static,medium,5,0.25,0,closure,,"(1, 2)",3,100,50,3.2,3.0,7.0,110.0,0.05434782608695652,,False,False,no_excursion
policy-static__demand-medium__adoption-0.25__disruption-closure__seed-4,static,medium,5,0.25,0,closure,,"(1, 2)",4,100,50,3.2,3.0,7.0,110.0,0.05434782608695652,,False,False,no_excursion
policy-static__demand-medium__adoption-0.5__disruption-none__seed-0,static,medium,5,0.5,0,none,,"(1, 2)",0,100,50,2.4,3.0,3.0,70.0,0.044642857142857144,,,False,not_applicable
policy-static__demand-medium__adoption-0.5__disruption-none__seed-1,static,medium,5,0.5,0,none,,"(1, 2)",1,100,50,2.4,3.0,3.0,70.0,0.044642857142857144,,,False,not_applicable
policy-static__demand-medium__adoption-0.5__disruption-none__seed-2,static,medium,5,0.5,0,none,,"(1, 2)",2,100,50,2.4,3.0,3.0,70.0,0.044642857142857144,,,False,not_applicable
policy-static__demand-medium__adoption-0.5__disruption-none__seed-3,static,medium,5,0.5,0,none,,"(1, 2)",3,100,50,2.4,3.0,3.0,70.0,0.044642857142857144,,,False,not_applicable
policy-static__demand-medium__adoption-0.5__disruption-none__seed-4,static,medium,5,0.5,0,none,,"(1, 2)",4,100,50,2.4,3.0,3.0,70.0,0.044642857142857144,,,False,not_applicable
policy-static__demand-medium__adoption-0.5__disruption-capacity_reduction__seed-0,static,medium,5,0.5,0,capacity_reduction,0.5,"(1, 2)",0,100,50,2.4,3.0,3.0,70.0,0.049019607843137254,,False,False,no_excursion
policy-static__demand-medium__adoption-0.5__disruption-capacity_reduction__seed-1,static,medium,5,0.5,0,capacity_reduction,0.5,"(1, 2)",1,100,50,2.4,3.0,3.0,70.0,0.049019607843137254,,False,False,no_excursion
policy-static__demand-medium__adoption-0.5__disruption-capacity_reduction__seed-2,static,medium,5,0.5,0,capacity_reduction,0.5,"(1, 2)",2,100,50,2.4,3.0,3.0,70.0,0.049019607843137254,,False,False,no_excursion
policy-static__demand-medium__adoption-0.5__disruption-capacity_reduction__seed-3,static,medium,5,0.5,0,capacity_reduction,0.5,"(1, 2)",3,100,50,2.4,3.0,3.0,70.0,0.049019607843137254,,False,False,no_excursion
policy-static__demand-medium__adoption-0.5__disruption-capacity_reduction__seed-4,static,medium,5,0.5,0,capacity_reduction,0.5,"(1, 2)",4,100,50,2.4,3.0,3.0,70.0,0.049019607843137254,,False,False,no_excursion
policy-static__demand-medium__adoption-0.5__disruption-closure__seed-0,static,medium,5,0.5,0,closure,,"(1, 2)",0,100,50,3.2,3.0,7.0,110.0,0.05434782608695652,,False,False,no_excursion
policy-static__demand-medium__adoption-0.5__disruption-closure__seed-1,static,medium,5,0.5,0,closure,,"(1, 2)",1,100,50,3.2,3.0,7.0,110.0,0.05434782608695652,,False,False,no_excursion
policy-static__demand-medium__adoption-0.5__disruption-closure__seed-2,static,medium,5,0.5,0,closure,,"(1, 2)",2,100,50,3.2,3.0,7.0,110.0,0.05434782608695652,,False,False,no_excursion
policy-static__demand-medium__adoption-0.5__disruption-closure__seed-3,static,medium,5,0.5,0,closure,,"(1, 2)",3,100,50,3.2,3.0,7.0,110.0,0.05434782608695652,,False,False,no_excursion
policy-static__demand-medium__adoption-0.5__disruption-closure__seed-4,static,medium,5,0.5,0,closure,,"(1, 2)",4,100,50,3.2,3.0,7.0,110.0,0.05434782608695652,,False,False,no_excursion
policy-static__demand-medium__adoption-0.75__disruption-none__seed-0,static,medium,5,0.75,0,none,,"(1, 2)",0,100,50,2.4,3.0,3.0,70.0,0.044642857142857144,,,False,not_applicable
policy-static__demand-medium__adoption-0.75__disruption-none__seed-1,static,medium,5,0.75,0,none,,"(1, 2)",1,100,50,2.4,3.0,3.0,70.0,0.044642857142857144,,,False,not_applicable
policy-static__demand-medium__adoption-0.75__disruption-none__seed-2,static,medium,5,0.75,0,none,,"(1, 2)",2,100,50,2.4,3.0,3.0,70.0,0.044642857142857144,,,False,not_applicable
policy-static__demand-medium__adoption-0.75__disruption-none__seed-3,static,medium,5,0.75,0,none,,"(1, 2)",3,100,50,2.4,3.0,3.0,70.0,0.044642857142857144,,,False,not_applicable
policy-static__demand-medium__adoption-0.75__disruption-none__seed-4,static,medium,5,0.75,0,none,,"(1, 2)",4,100,50,2.4,3.0,3.0,70.0,0.044642857142857144,,,False,not_applicable
policy-static__demand-medium__adoption-0.75__disruption-capacity_reduction__seed-0,static,medium,5,0.75,0,capacity_reduction,0.5,"(1, 2)",0,100,50,2.4,3.0,3.0,70.0,0.049019607843137254,,False,False,no_excursion
policy-static__demand-medium__adoption-0.75__disruption-capacity_reduction__seed-1,static,medium,5,0.75,0,capacity_reduction,0.5,"(1, 2)",1,100,50,2.4,3.0,3.0,70.0,0.049019607843137254,,False,False,no_excursion
policy-static__demand-medium__adoption-0.75__disruption-capacity_reduction__seed-2,static,medium,5,0.75,0,capacity_reduction,0.5,"(1, 2)",2,100,50,2.4,3.0,3.0,70.0,0.049019607843137254,,False,False,no_excursion
policy-static__demand-medium__adoption-0.75__disruption-capacity_reduction__seed-3,static,medium,5,0.75,0,capacity_reduction,0.5,"(1, 2)",3,100,50,2.4,3.0,3.0,70.0,0.049019607843137254,,False,False,no_excursion
policy-static__demand-medium__adoption-0.75__disruption-capacity_reduction__seed-4,static,medium,5,0.75,0,capacity_reduction,0.5,"(1, 2)",4,100,50,2.4,3.0,3.0,70.0,0.049019607843137254,,False,False,no_excursion
policy-static__demand-medium__adoption-0.75__disruption-closure__seed-0,static,medium,5,0.75,0,closure,,"(1, 2)",0,100,50,3.2,3.0,7.0,110.0,0.05434782608695652,,False,False,no_excursion
policy-static__demand-medium__adoption-0.75__disruption-closure__seed-1,static,medium,5,0.75,0,closure,,"(1, 2)",1,100,50,3.2,3.0,7.0,110.0,0.05434782608695652,,False,False,no_excursion
policy-static__demand-medium__adoption-0.75__disruption-closure__seed-2,static,medium,5,0.75,0,closure,,"(1, 2)",2,100,50,3.2,3.0,7.0,110.0,0.05434782608695652,,False,False,no_excursion
policy-static__demand-medium__adoption-0.75__disruption-closure__seed-3,static,medium,5,0.75,0,closure,,"(1, 2)",3,100,50,3.2,3.0,7.0,110.0,0.05434782608695652,,False,False,no_excursion
policy-static__demand-medium__adoption-0.75__disruption-closure__seed-4,static,medium,5,0.75,0,closure,,"(1, 2)",4,100,50,3.2,3.0,7.0,110.0,0.05434782608695652,,False,False,no_excursion
policy-static__demand-medium__adoption-1__disruption-none__seed-0,static,medium,5,1.0,0,none,,"(1, 2)",0,100,50,2.4,3.0,3.0,70.0,0.044642857142857144,,,False,not_applicable
policy-static__demand-medium__adoption-1__disruption-none__seed-1,static,medium,5,1.0,0,none,,"(1, 2)",1,100,50,2.4,3.0,3.0,70.0,0.044642857142857144,,,False,not_applicable
policy-static__demand-medium__adoption-1__disruption-none__seed-2,static,medium,5,1.0,0,none,,"(1, 2)",2,100,50,2.4,3.0,3.0,70.0,0.044642857142857144,,,False,not_applicable
policy-static__demand-medium__adoption-1__disruption-none__seed-3,static,medium,5,1.0,0,none,,"(1, 2)",3,100,50,2.4,3.0,3.0,70.0,0.044642857142857144,,,False,not_applicable
policy-static__demand-medium__adoption-1__disruption-none__seed-4,static,medium,5,1.0,0,none,,"(1, 2)",4,100,50,2.4,3.0,3.0,70.0,0.044642857142857144,,,False,not_applicable
policy-static__demand-medium__adoption-1__disruption-capacity_reduction__seed-0,static,medium,5,1.0,0,capacity_reduction,0.5,"(1, 2)",0,100,50,2.4,3.0,3.0,70.0,0.049019607843137254,,False,False,no_excursion
policy-static__demand-medium__adoption-1__disruption-capacity_reduction__seed-1,static,medium,5,1.0,0,capacity_reduction,0.5,"(1, 2)",1,100,50,2.4,3.0,3.0,70.0,0.049019607843137254,,False,False,no_excursion
policy-static__demand-medium__adoption-1__disruption-capacity_reduction__seed-2,static,medium,5,1.0,0,capacity_reduction,0.5,"(1, 2)",2,100,50,2.4,3.0,3.0,70.0,0.049019607843137254,,False,False,no_excursion
policy-static__demand-medium__adoption-1__disruption-capacity_reduction__seed-3,static,medium,5,1.0,0,capacity_reduction,0.5,"(1, 2)",3,100,50,2.4,3.0,3.0,70.0,0.049019607843137254,,False,False,no_excursion
policy-static__demand-medium__adoption-1__disruption-capacity_reduction__seed-4,static,medium,5,1.0,0,capacity_reduction,0.5,"(1, 2)",4,100,50,2.4,3.0,3.0,70.0,0.049019607843137254,,False,False,no_excursion
policy-static__demand-medium__adoption-1__disruption-closure__seed-0,static,medium,5,1.0,0,closure,,"(1, 2)",0,100,50,3.2,3.0,7.0,110.0,0.05434782608695652,,False,False,no_excursion
policy-static__demand-medium__adoption-1__disruption-closure__seed-1,static,medium,5,1.0,0,closure,,"(1, 2)",1,100,50,3.2,3.0,7.0,110.0,0.05434782608695652,,False,False,no_excursion
policy-static__demand-medium__adoption-1__disruption-closure__seed-2,static,medium,5,1.0,0,closure,,"(1, 2)",2,100,50,3.2,3.0,7.0,110.0,0.05434782608695652,,False,False,no_excursion
policy-static__demand-medium__adoption-1__disruption-closure__seed-3,static,medium,5,1.0,0,closure,,"(1, 2)",3,100,50,3.2,3.0,7.0,110.0,0.05434782608695652,,False,False,no_excursion
policy-static__demand-medium__adoption-1__disruption-closure__seed-4,static,medium,5,1.0,0,closure,,"(1, 2)",4,100,50,3.2,3.0,7.0,110.0,0.05434782608695652,,False,False,no_excursion
policy-static__demand-high__adoption-0__disruption-none__seed-0,static,high,15,0.0,0,none,,"(1, 2)",0,100,150,2.8,3.0,3.0,270.0,0.13392857142857142,,,False,not_applicable
policy-static__demand-high__adoption-0__disruption-none__seed-1,static,high,15,0.0,0,none,,"(1, 2)",1,100,150,2.8,3.0,3.0,270.0,0.13392857142857142,,,False,not_applicable
policy-static__demand-high__adoption-0__disruption-none__seed-2,static,high,15,0.0,0,none,,"(1, 2)",2,100,150,2.8,3.0,3.0,270.0,0.13392857142857142,,,False,not_applicable
policy-static__demand-high__adoption-0__disruption-none__seed-3,static,high,15,0.0,0,none,,"(1, 2)",3,100,150,2.8,3.0,3.0,270.0,0.13392857142857142,,,False,not_applicable
policy-static__demand-high__adoption-0__disruption-none__seed-4,static,high,15,0.0,0,none,,"(1, 2)",4,100,150,2.8,3.0,3.0,270.0,0.13392857142857142,,,False,not_applicable
policy-static__demand-high__adoption-0__disruption-capacity_reduction__seed-0,static,high,15,0.0,0,capacity_reduction,0.5,"(1, 2)",0,100,150,3.013333333333333,3.0,4.550000000000011,302.0,0.14705882352941177,,False,False,no_excursion
policy-static__demand-high__adoption-0__disruption-capacity_reduction__seed-1,static,high,15,0.0,0,capacity_reduction,0.5,"(1, 2)",1,100,150,3.013333333333333,3.0,4.550000000000011,302.0,0.14705882352941177,,False,False,no_excursion
policy-static__demand-high__adoption-0__disruption-capacity_reduction__seed-2,static,high,15,0.0,0,capacity_reduction,0.5,"(1, 2)",2,100,150,3.013333333333333,3.0,4.550000000000011,302.0,0.14705882352941177,,False,False,no_excursion
policy-static__demand-high__adoption-0__disruption-capacity_reduction__seed-3,static,high,15,0.0,0,capacity_reduction,0.5,"(1, 2)",3,100,150,3.013333333333333,3.0,4.550000000000011,302.0,0.14705882352941177,,False,False,no_excursion
policy-static__demand-high__adoption-0__disruption-capacity_reduction__seed-4,static,high,15,0.0,0,capacity_reduction,0.5,"(1, 2)",4,100,150,3.013333333333333,3.0,4.550000000000011,302.0,0.14705882352941177,,False,False,no_excursion
policy-static__demand-high__adoption-0__disruption-closure__seed-0,static,high,15,0.0,0,closure,,"(1, 2)",0,100,150,3.7066666666666666,3.0,8.0,406.0,0.16304347826086957,,False,False,no_excursion
policy-static__demand-high__adoption-0__disruption-closure__seed-1,static,high,15,0.0,0,closure,,"(1, 2)",1,100,150,3.7066666666666666,3.0,8.0,406.0,0.16304347826086957,,False,False,no_excursion
policy-static__demand-high__adoption-0__disruption-closure__seed-2,static,high,15,0.0,0,closure,,"(1, 2)",2,100,150,3.7066666666666666,3.0,8.0,406.0,0.16304347826086957,,False,False,no_excursion
policy-static__demand-high__adoption-0__disruption-closure__seed-3,static,high,15,0.0,0,closure,,"(1, 2)",3,100,150,3.7066666666666666,3.0,8.0,406.0,0.16304347826086957,,False,False,no_excursion
policy-static__demand-high__adoption-0__disruption-closure__seed-4,static,high,15,0.0,0,closure,,"(1, 2)",4,100,150,3.7066666666666666,3.0,8.0,406.0,0.16304347826086957,,False,False,no_excursion
policy-static__demand-high__adoption-0.25__disruption-none__seed-0,static,high,15,0.25,0,none,,"(1, 2)",0,100,150,2.8,3.0,3.0,270.0,0.13392857142857142,,,False,not_applicable
policy-static__demand-high__adoption-0.25__disruption-none__seed-1,static,high,15,0.25,0,none,,"(1, 2)",1,100,150,2.8,3.0,3.0,270.0,0.13392857142857142,,,False,not_applicable
policy-static__demand-high__adoption-0.25__disruption-none__seed-2,static,high,15,0.25,0,none,,"(1, 2)",2,100,150,2.8,3.0,3.0,270.0,0.13392857142857142,,,False,not_applicable
policy-static__demand-high__adoption-0.25__disruption-none__seed-3,static,high,15,0.25,0,none,,"(1, 2)",3,100,150,2.8,3.0,3.0,270.0,0.13392857142857142,,,False,not_applicable
policy-static__demand-high__adoption-0.25__disruption-none__seed-4,static,high,15,0.25,0,none,,"(1, 2)",4,100,150,2.8,3.0,3.0,270.0,0.13392857142857142,,,False,not_applicable
policy-static__demand-high__adoption-0.25__disruption-capacity_reduction__seed-0,static,high,15,0.25,0,capacity_reduction,0.5,"(1, 2)",0,100,150,3.013333333333333,3.0,4.550000000000011,302.0,0.14705882352941177,,False,False,no_excursion
policy-static__demand-high__adoption-0.25__disruption-capacity_reduction__seed-1,static,high,15,0.25,0,capacity_reduction,0.5,"(1, 2)",1,100,150,3.013333333333333,3.0,4.550000000000011,302.0,0.14705882352941177,,False,False,no_excursion
policy-static__demand-high__adoption-0.25__disruption-capacity_reduction__seed-2,static,high,15,0.25,0,capacity_reduction,0.5,"(1, 2)",2,100,150,3.013333333333333,3.0,4.550000000000011,302.0,0.14705882352941177,,False,False,no_excursion
policy-static__demand-high__adoption-0.25__disruption-capacity_reduction__seed-3,static,high,15,0.25,0,capacity_reduction,0.5,"(1, 2)",3,100,150,3.013333333333333,3.0,4.550000000000011,302.0,0.14705882352941177,,False,False,no_excursion
policy-static__demand-high__adoption-0.25__disruption-capacity_reduction__seed-4,static,high,15,0.25,0,capacity_reduction,0.5,"(1, 2)",4,100,150,3.013333333333333,3.0,4.550000000000011,302.0,0.14705882352941177,,False,False,no_excursion
policy-static__demand-high__adoption-0.25__disruption-closure__seed-0,static,high,15,0.25,0,closure,,"(1, 2)",0,100,150,3.7066666666666666,3.0,8.0,406.0,0.16304347826086957,,False,False,no_excursion
policy-static__demand-high__adoption-0.25__disruption-closure__seed-1,static,high,15,0.25,0,closure,,"(1, 2)",1,100,150,3.7066666666666666,3.0,8.0,406.0,0.16304347826086957,,False,False,no_excursion
policy-static__demand-high__adoption-0.25__disruption-closure__seed-2,static,high,15,0.25,0,closure,,"(1, 2)",2,100,150,3.7066666666666666,3.0,8.0,406.0,0.16304347826086957,,False,False,no_excursion
policy-static__demand-high__adoption-0.25__disruption-closure__seed-3,static,high,15,0.25,0,closure,,"(1, 2)",3,100,150,3.7066666666666666,3.0,8.0,406.0,0.16304347826086957,,False,False,no_excursion
policy-static__demand-high__adoption-0.25__disruption-closure__seed-4,static,high,15,0.25,0,closure,,"(1, 2)",4,100,150,3.7066666666666666,3.0,8.0,406.0,0.16304347826086957,,False,False,no_excursion
policy-static__demand-high__adoption-0.5__disruption-none__seed-0,static,high,15,0.5,0,none,,"(1, 2)",0,100,150,2.8,3.0,3.0,270.0,0.13392857142857142,,,False,not_applicable
policy-static__demand-high__adoption-0.5__disruption-none__seed-1,static,high,15,0.5,0,none,,"(1, 2)",1,100,150,2.8,3.0,3.0,270.0,0.13392857142857142,,,False,not_applicable
policy-static__demand-high__adoption-0.5__disruption-none__seed-2,static,high,15,0.5,0,none,,"(1, 2)",2,100,150,2.8,3.0,3.0,270.0,0.13392857142857142,,,False,not_applicable
policy-static__demand-high__adoption-0.5__disruption-none__seed-3,static,high,15,0.5,0,none,,"(1, 2)",3,100,150,2.8,3.0,3.0,270.0,0.13392857142857142,,,False,not_applicable
policy-static__demand-high__adoption-0.5__disruption-none__seed-4,static,high,15,0.5,0,none,,"(1, 2)",4,100,150,2.8,3.0,3.0,270.0,0.13392857142857142,,,False,not_applicable
policy-static__demand-high__adoption-0.5__disruption-capacity_reduction__seed-0,static,high,15,0.5,0,capacity_reduction,0.5,"(1, 2)",0,100,150,3.013333333333333,3.0,4.550000000000011,302.0,0.14705882352941177,,False,False,no_excursion
policy-static__demand-high__adoption-0.5__disruption-capacity_reduction__seed-1,static,high,15,0.5,0,capacity_reduction,0.5,"(1, 2)",1,100,150,3.013333333333333,3.0,4.550000000000011,302.0,0.14705882352941177,,False,False,no_excursion
policy-static__demand-high__adoption-0.5__disruption-capacity_reduction__seed-2,static,high,15,0.5,0,capacity_reduction,0.5,"(1, 2)",2,100,150,3.013333333333333,3.0,4.550000000000011,302.0,0.14705882352941177,,False,False,no_excursion
policy-static__demand-high__adoption-0.5__disruption-capacity_reduction__seed-3,static,high,15,0.5,0,capacity_reduction,0.5,"(1, 2)",3,100,150,3.013333333333333,3.0,4.550000000000011,302.0,0.14705882352941177,,False,False,no_excursion
policy-static__demand-high__adoption-0.5__disruption-capacity_reduction__seed-4,static,high,15,0.5,0,capacity_reduction,0.5,"(1, 2)",4,100,150,3.013333333333333,3.0,4.550000000000011,302.0,0.14705882352941177,,False,False,no_excursion
policy-static__demand-high__adoption-0.5__disruption-closure__seed-0,static,high,15,0.5,0,closure,,"(1, 2)",0,100,150,3.7066666666666666,3.0,8.0,406.0,0.16304347826086957,,False,False,no_excursion
policy-static__demand-high__adoption-0.5__disruption-closure__seed-1,static,high,15,0.5,0,closure,,"(1, 2)",1,100,150,3.7066666666666666,3.0,8.0,406.0,0.16304347826086957,,False,False,no_excursion
policy-static__demand-high__adoption-0.5__disruption-closure__seed-2,static,high,15,0.5,0,closure,,"(1, 2)",2,100,150,3.7066666666666666,3.0,8.0,406.0,0.16304347826086957,,False,False,no_excursion
policy-static__demand-high__adoption-0.5__disruption-closure__seed-3,static,high,15,0.5,0,closure,,"(1, 2)",3,100,150,3.7066666666666666,3.0,8.0,406.0,0.16304347826086957,,False,False,no_excursion
policy-static__demand-high__adoption-0.5__disruption-closure__seed-4,static,high,15,0.5,0,closure,,"(1, 2)",4,100,150,3.7066666666666666,3.0,8.0,406.0,0.16304347826086957,,False,False,no_excursion
policy-static__demand-high__adoption-0.75__disruption-none__seed-0,static,high,15,0.75,0,none,,"(1, 2)",0,100,150,2.8,3.0,3.0,270.0,0.13392857142857142,,,False,not_applicable
policy-static__demand-high__adoption-0.75__disruption-none__seed-1,static,high,15,0.75,0,none,,"(1, 2)",1,100,150,2.8,3.0,3.0,270.0,0.13392857142857142,,,False,not_applicable
policy-static__demand-high__adoption-0.75__disruption-none__seed-2,static,high,15,0.75,0,none,,"(1, 2)",2,100,150,2.8,3.0,3.0,270.0,0.13392857142857142,,,False,not_applicable
policy-static__demand-high__adoption-0.75__disruption-none__seed-3,static,high,15,0.75,0,none,,"(1, 2)",3,100,150,2.8,3.0,3.0,270.0,0.13392857142857142,,,False,not_applicable
policy-static__demand-high__adoption-0.75__disruption-none__seed-4,static,high,15,0.75,0,none,,"(1, 2)",4,100,150,2.8,3.0,3.0,270.0,0.13392857142857142,,,False,not_applicable
policy-static__demand-high__adoption-0.75__disruption-capacity_reduction__seed-0,static,high,15,0.75,0,capacity_reduction,0.5,"(1, 2)",0,100,150,3.013333333333333,3.0,4.550000000000011,302.0,0.14705882352941177,,False,False,no_excursion
policy-static__demand-high__adoption-0.75__disruption-capacity_reduction__seed-1,static,high,15,0.75,0,capacity_reduction,0.5,"(1, 2)",1,100,150,3.013333333333333,3.0,4.550000000000011,302.0,0.14705882352941177,,False,False,no_excursion
policy-static__demand-high__adoption-0.75__disruption-capacity_reduction__seed-2,static,high,15,0.75,0,capacity_reduction,0.5,"(1, 2)",2,100,150,3.013333333333333,3.0,4.550000000000011,302.0,0.14705882352941177,,False,False,no_excursion
policy-static__demand-high__adoption-0.75__disruption-capacity_reduction__seed-3,static,high,15,0.75,0,capacity_reduction,0.5,"(1, 2)",3,100,150,3.013333333333333,3.0,4.550000000000011,302.0,0.14705882352941177,,False,False,no_excursion
policy-static__demand-high__adoption-0.75__disruption-capacity_reduction__seed-4,static,high,15,0.75,0,capacity_reduction,0.5,"(1, 2)",4,100,150,3.013333333333333,3.0,4.550000000000011,302.0,0.14705882352941177,,False,False,no_excursion
policy-static__demand-high__adoption-0.75__disruption-closure__seed-0,static,high,15,0.75,0,closure,,"(1, 2)",0,100,150,3.7066666666666666,3.0,8.0,406.0,0.16304347826086957,,False,False,no_excursion
policy-static__demand-high__adoption-0.75__disruption-closure__seed-1,static,high,15,0.75,0,closure,,"(1, 2)",1,100,150,3.7066666666666666,3.0,8.0,406.0,0.16304347826086957,,False,False,no_excursion
policy-static__demand-high__adoption-0.75__disruption-closure__seed-2,static,high,15,0.75,0,closure,,"(1, 2)",2,100,150,3.7066666666666666,3.0,8.0,406.0,0.16304347826086957,,False,False,no_excursion
policy-static__demand-high__adoption-0.75__disruption-closure__seed-3,static,high,15,0.75,0,closure,,"(1, 2)",3,100,150,3.7066666666666666,3.0,8.0,406.0,0.16304347826086957,,False,False,no_excursion
policy-static__demand-high__adoption-0.75__disruption-closure__seed-4,static,high,15,0.75,0,closure,,"(1, 2)",4,100,150,3.7066666666666666,3.0,8.0,406.0,0.16304347826086957,,False,False,no_excursion
policy-static__demand-high__adoption-1__disruption-none__seed-0,static,high,15,1.0,0,none,,"(1, 2)",0,100,150,2.8,3.0,3.0,270.0,0.13392857142857142,,,False,not_applicable
policy-static__demand-high__adoption-1__disruption-none__seed-1,static,high,15,1.0,0,none,,"(1, 2)",1,100,150,2.8,3.0,3.0,270.0,0.13392857142857142,,,False,not_applicable
policy-static__demand-high__adoption-1__disruption-none__seed-2,static,high,15,1.0,0,none,,"(1, 2)",2,100,150,2.8,3.0,3.0,270.0,0.13392857142857142,,,False,not_applicable
policy-static__demand-high__adoption-1__disruption-none__seed-3,static,high,15,1.0,0,none,,"(1, 2)",3,100,150,2.8,3.0,3.0,270.0,0.13392857142857142,,,False,not_applicable
policy-static__demand-high__adoption-1__disruption-none__seed-4,static,high,15,1.0,0,none,,"(1, 2)",4,100,150,2.8,3.0,3.0,270.0,0.13392857142857142,,,False,not_applicable
policy-static__demand-high__adoption-1__disruption-capacity_reduction__seed-0,static,high,15,1.0,0,capacity_reduction,0.5,"(1, 2)",0,100,150,3.013333333333333,3.0,4.550000000000011,302.0,0.14705882352941177,,False,False,no_excursion
policy-static__demand-high__adoption-1__disruption-capacity_reduction__seed-1,static,high,15,1.0,0,capacity_reduction,0.5,"(1, 2)",1,100,150,3.013333333333333,3.0,4.550000000000011,302.0,0.14705882352941177,,False,False,no_excursion
policy-static__demand-high__adoption-1__disruption-capacity_reduction__seed-2,static,high,15,1.0,0,capacity_reduction,0.5,"(1, 2)",2,100,150,3.013333333333333,3.0,4.550000000000011,302.0,0.14705882352941177,,False,False,no_excursion
policy-static__demand-high__adoption-1__disruption-capacity_reduction__seed-3,static,high,15,1.0,0,capacity_reduction,0.5,"(1, 2)",3,100,150,3.013333333333333,3.0,4.550000000000011,302.0,0.14705882352941177,,False,False,no_excursion
policy-static__demand-high__adoption-1__disruption-capacity_reduction__seed-4,static,high,15,1.0,0,capacity_reduction,0.5,"(1, 2)",4,100,150,3.013333333333333,3.0,4.550000000000011,302.0,0.14705882352941177,,False,False,no_excursion
policy-static__demand-high__adoption-1__disruption-closure__seed-0,static,high,15,1.0,0,closure,,"(1, 2)",0,100,150,3.7066666666666666,3.0,8.0,406.0,0.16304347826086957,,False,False,no_excursion
policy-static__demand-high__adoption-1__disruption-closure__seed-1,static,high,15,1.0,0,closure,,"(1, 2)",1,100,150,3.7066666666666666,3.0,8.0,406.0,0.16304347826086957,,False,False,no_excursion
policy-static__demand-high__adoption-1__disruption-closure__seed-2,static,high,15,1.0,0,closure,,"(1, 2)",2,100,150,3.7066666666666666,3.0,8.0,406.0,0.16304347826086957,,False,False,no_excursion
policy-static__demand-high__adoption-1__disruption-closure__seed-3,static,high,15,1.0,0,closure,,"(1, 2)",3,100,150,3.7066666666666666,3.0,8.0,406.0,0.16304347826086957,,False,False,no_excursion
policy-static__demand-high__adoption-1__disruption-closure__seed-4,static,high,15,1.0,0,closure,,"(1, 2)",4,100,150,3.7066666666666666,3.0,8.0,406.0,0.16304347826086957,,False,False,no_excursion
policy-selfish__demand-low__adoption-0__disruption-none__seed-0,selfish,low,1,0.0,0,none,,"(1, 2)",0,100,10,1.0,1.0,1.0,0.0,0.008928571428571428,,,False,not_applicable
policy-selfish__demand-low__adoption-0__disruption-none__seed-1,selfish,low,1,0.0,0,none,,"(1, 2)",1,100,10,1.0,1.0,1.0,0.0,0.008928571428571428,,,False,not_applicable
policy-selfish__demand-low__adoption-0__disruption-none__seed-2,selfish,low,1,0.0,0,none,,"(1, 2)",2,100,10,1.0,1.0,1.0,0.0,0.008928571428571428,,,False,not_applicable
policy-selfish__demand-low__adoption-0__disruption-none__seed-3,selfish,low,1,0.0,0,none,,"(1, 2)",3,100,10,1.0,1.0,1.0,0.0,0.008928571428571428,,,False,not_applicable
policy-selfish__demand-low__adoption-0__disruption-none__seed-4,selfish,low,1,0.0,0,none,,"(1, 2)",4,100,10,1.0,1.0,1.0,0.0,0.008928571428571428,,,False,not_applicable
policy-selfish__demand-low__adoption-0__disruption-capacity_reduction__seed-0,selfish,low,1,0.0,0,capacity_reduction,0.5,"(1, 2)",0,100,10,1.0,1.0,1.0,0.0,0.00980392156862745,,False,False,no_excursion
policy-selfish__demand-low__adoption-0__disruption-capacity_reduction__seed-1,selfish,low,1,0.0,0,capacity_reduction,0.5,"(1, 2)",1,100,10,1.0,1.0,1.0,0.0,0.00980392156862745,,False,False,no_excursion
policy-selfish__demand-low__adoption-0__disruption-capacity_reduction__seed-2,selfish,low,1,0.0,0,capacity_reduction,0.5,"(1, 2)",2,100,10,1.0,1.0,1.0,0.0,0.00980392156862745,,False,False,no_excursion
policy-selfish__demand-low__adoption-0__disruption-capacity_reduction__seed-3,selfish,low,1,0.0,0,capacity_reduction,0.5,"(1, 2)",3,100,10,1.0,1.0,1.0,0.0,0.00980392156862745,,False,False,no_excursion
policy-selfish__demand-low__adoption-0__disruption-capacity_reduction__seed-4,selfish,low,1,0.0,0,capacity_reduction,0.5,"(1, 2)",4,100,10,1.0,1.0,1.0,0.0,0.00980392156862745,,False,False,no_excursion
policy-selfish__demand-low__adoption-0__disruption-closure__seed-0,selfish,low,1,0.0,0,closure,,"(1, 2)",0,100,10,1.8,1.0,5.0,8.0,0.010869565217391304,,False,False,no_excursion
policy-selfish__demand-low__adoption-0__disruption-closure__seed-1,selfish,low,1,0.0,0,closure,,"(1, 2)",1,100,10,1.8,1.0,5.0,8.0,0.010869565217391304,,False,False,no_excursion
policy-selfish__demand-low__adoption-0__disruption-closure__seed-2,selfish,low,1,0.0,0,closure,,"(1, 2)",2,100,10,1.8,1.0,5.0,8.0,0.010869565217391304,,False,False,no_excursion
policy-selfish__demand-low__adoption-0__disruption-closure__seed-3,selfish,low,1,0.0,0,closure,,"(1, 2)",3,100,10,1.8,1.0,5.0,8.0,0.010869565217391304,,False,False,no_excursion
policy-selfish__demand-low__adoption-0__disruption-closure__seed-4,selfish,low,1,0.0,0,closure,,"(1, 2)",4,100,10,1.8,1.0,5.0,8.0,0.010869565217391304,,False,False,no_excursion
policy-selfish__demand-low__adoption-0.25__disruption-none__seed-0,selfish,low,1,0.25,3,none,,"(1, 2)",0,100,10,1.0,1.0,1.0,0.0,0.008928571428571428,,,False,not_applicable
policy-selfish__demand-low__adoption-0.25__disruption-none__seed-1,selfish,low,1,0.25,3,none,,"(1, 2)",1,100,10,1.0,1.0,1.0,0.0,0.008928571428571428,,,False,not_applicable
policy-selfish__demand-low__adoption-0.25__disruption-none__seed-2,selfish,low,1,0.25,3,none,,"(1, 2)",2,100,10,1.0,1.0,1.0,0.0,0.008928571428571428,,,False,not_applicable
policy-selfish__demand-low__adoption-0.25__disruption-none__seed-3,selfish,low,1,0.25,3,none,,"(1, 2)",3,100,10,1.0,1.0,1.0,0.0,0.008928571428571428,,,False,not_applicable
policy-selfish__demand-low__adoption-0.25__disruption-none__seed-4,selfish,low,1,0.25,3,none,,"(1, 2)",4,100,10,1.0,1.0,1.0,0.0,0.008928571428571428,,,False,not_applicable
policy-selfish__demand-low__adoption-0.25__disruption-capacity_reduction__seed-0,selfish,low,1,0.25,3,capacity_reduction,0.5,"(1, 2)",0,100,10,1.0,1.0,1.0,0.0,0.00980392156862745,,False,False,no_excursion
policy-selfish__demand-low__adoption-0.25__disruption-capacity_reduction__seed-1,selfish,low,1,0.25,3,capacity_reduction,0.5,"(1, 2)",1,100,10,1.0,1.0,1.0,0.0,0.00980392156862745,,False,False,no_excursion
policy-selfish__demand-low__adoption-0.25__disruption-capacity_reduction__seed-2,selfish,low,1,0.25,3,capacity_reduction,0.5,"(1, 2)",2,100,10,1.0,1.0,1.0,0.0,0.00980392156862745,,False,False,no_excursion
policy-selfish__demand-low__adoption-0.25__disruption-capacity_reduction__seed-3,selfish,low,1,0.25,3,capacity_reduction,0.5,"(1, 2)",3,100,10,1.0,1.0,1.0,0.0,0.00980392156862745,,False,False,no_excursion
policy-selfish__demand-low__adoption-0.25__disruption-capacity_reduction__seed-4,selfish,low,1,0.25,3,capacity_reduction,0.5,"(1, 2)",4,100,10,1.0,1.0,1.0,0.0,0.00980392156862745,,False,False,no_excursion
policy-selfish__demand-low__adoption-0.25__disruption-closure__seed-0,selfish,low,1,0.25,3,closure,,"(1, 2)",0,100,10,1.8,1.0,5.0,8.0,0.010869565217391304,,False,False,no_excursion
policy-selfish__demand-low__adoption-0.25__disruption-closure__seed-1,selfish,low,1,0.25,3,closure,,"(1, 2)",1,100,10,1.8,1.0,5.0,8.0,0.010869565217391304,,False,False,no_excursion
policy-selfish__demand-low__adoption-0.25__disruption-closure__seed-2,selfish,low,1,0.25,3,closure,,"(1, 2)",2,100,10,1.8,1.0,5.0,8.0,0.010869565217391304,,False,False,no_excursion
policy-selfish__demand-low__adoption-0.25__disruption-closure__seed-3,selfish,low,1,0.25,3,closure,,"(1, 2)",3,100,10,1.8,1.0,5.0,8.0,0.010869565217391304,,False,False,no_excursion
policy-selfish__demand-low__adoption-0.25__disruption-closure__seed-4,selfish,low,1,0.25,3,closure,,"(1, 2)",4,100,10,1.8,1.0,5.0,8.0,0.010869565217391304,,False,False,no_excursion
policy-selfish__demand-low__adoption-0.5__disruption-none__seed-0,selfish,low,1,0.5,6,none,,"(1, 2)",0,100,10,1.0,1.0,1.0,0.0,0.008928571428571428,,,False,not_applicable
policy-selfish__demand-low__adoption-0.5__disruption-none__seed-1,selfish,low,1,0.5,6,none,,"(1, 2)",1,100,10,1.0,1.0,1.0,0.0,0.008928571428571428,,,False,not_applicable
policy-selfish__demand-low__adoption-0.5__disruption-none__seed-2,selfish,low,1,0.5,6,none,,"(1, 2)",2,100,10,1.0,1.0,1.0,0.0,0.008928571428571428,,,False,not_applicable
policy-selfish__demand-low__adoption-0.5__disruption-none__seed-3,selfish,low,1,0.5,6,none,,"(1, 2)",3,100,10,1.0,1.0,1.0,0.0,0.008928571428571428,,,False,not_applicable
policy-selfish__demand-low__adoption-0.5__disruption-none__seed-4,selfish,low,1,0.5,6,none,,"(1, 2)",4,100,10,1.0,1.0,1.0,0.0,0.008928571428571428,,,False,not_applicable
policy-selfish__demand-low__adoption-0.5__disruption-capacity_reduction__seed-0,selfish,low,1,0.5,6,capacity_reduction,0.5,"(1, 2)",0,100,10,1.0,1.0,1.0,0.0,0.00980392156862745,,False,False,no_excursion
policy-selfish__demand-low__adoption-0.5__disruption-capacity_reduction__seed-1,selfish,low,1,0.5,6,capacity_reduction,0.5,"(1, 2)",1,100,10,1.0,1.0,1.0,0.0,0.00980392156862745,,False,False,no_excursion
policy-selfish__demand-low__adoption-0.5__disruption-capacity_reduction__seed-2,selfish,low,1,0.5,6,capacity_reduction,0.5,"(1, 2)",2,100,10,1.0,1.0,1.0,0.0,0.00980392156862745,,False,False,no_excursion
policy-selfish__demand-low__adoption-0.5__disruption-capacity_reduction__seed-3,selfish,low,1,0.5,6,capacity_reduction,0.5,"(1, 2)",3,100,10,1.0,1.0,1.0,0.0,0.00980392156862745,,False,False,no_excursion
policy-selfish__demand-low__adoption-0.5__disruption-capacity_reduction__seed-4,selfish,low,1,0.5,6,capacity_reduction,0.5,"(1, 2)",4,100,10,1.0,1.0,1.0,0.0,0.00980392156862745,,False,False,no_excursion
policy-selfish__demand-low__adoption-0.5__disruption-closure__seed-0,selfish,low,1,0.5,6,closure,,"(1, 2)",0,100,10,1.8,1.0,5.0,8.0,0.010869565217391304,,False,False,no_excursion
policy-selfish__demand-low__adoption-0.5__disruption-closure__seed-1,selfish,low,1,0.5,6,closure,,"(1, 2)",1,100,10,1.8,1.0,5.0,8.0,0.010869565217391304,,False,False,no_excursion
policy-selfish__demand-low__adoption-0.5__disruption-closure__seed-2,selfish,low,1,0.5,6,closure,,"(1, 2)",2,100,10,1.8,1.0,5.0,8.0,0.010869565217391304,,False,False,no_excursion
policy-selfish__demand-low__adoption-0.5__disruption-closure__seed-3,selfish,low,1,0.5,6,closure,,"(1, 2)",3,100,10,1.8,1.0,5.0,8.0,0.010869565217391304,,False,False,no_excursion
policy-selfish__demand-low__adoption-0.5__disruption-closure__seed-4,selfish,low,1,0.5,6,closure,,"(1, 2)",4,100,10,1.8,1.0,5.0,8.0,0.010869565217391304,,False,False,no_excursion
policy-selfish__demand-low__adoption-0.75__disruption-none__seed-0,selfish,low,1,0.75,8,none,,"(1, 2)",0,100,10,1.0,1.0,1.0,0.0,0.008928571428571428,,,False,not_applicable
policy-selfish__demand-low__adoption-0.75__disruption-none__seed-1,selfish,low,1,0.75,8,none,,"(1, 2)",1,100,10,1.0,1.0,1.0,0.0,0.008928571428571428,,,False,not_applicable
policy-selfish__demand-low__adoption-0.75__disruption-none__seed-2,selfish,low,1,0.75,8,none,,"(1, 2)",2,100,10,1.0,1.0,1.0,0.0,0.008928571428571428,,,False,not_applicable
policy-selfish__demand-low__adoption-0.75__disruption-none__seed-3,selfish,low,1,0.75,8,none,,"(1, 2)",3,100,10,1.0,1.0,1.0,0.0,0.008928571428571428,,,False,not_applicable
policy-selfish__demand-low__adoption-0.75__disruption-none__seed-4,selfish,low,1,0.75,8,none,,"(1, 2)",4,100,10,1.0,1.0,1.0,0.0,0.008928571428571428,,,False,not_applicable
policy-selfish__demand-low__adoption-0.75__disruption-capacity_reduction__seed-0,selfish,low,1,0.75,8,capacity_reduction,0.5,"(1, 2)",0,100,10,1.0,1.0,1.0,0.0,0.00980392156862745,,False,False,no_excursion
policy-selfish__demand-low__adoption-0.75__disruption-capacity_reduction__seed-1,selfish,low,1,0.75,8,capacity_reduction,0.5,"(1, 2)",1,100,10,1.0,1.0,1.0,0.0,0.00980392156862745,,False,False,no_excursion
policy-selfish__demand-low__adoption-0.75__disruption-capacity_reduction__seed-2,selfish,low,1,0.75,8,capacity_reduction,0.5,"(1, 2)",2,100,10,1.0,1.0,1.0,0.0,0.00980392156862745,,False,False,no_excursion
policy-selfish__demand-low__adoption-0.75__disruption-capacity_reduction__seed-3,selfish,low,1,0.75,8,capacity_reduction,0.5,"(1, 2)",3,100,10,1.0,1.0,1.0,0.0,0.00980392156862745,,False,False,no_excursion
policy-selfish__demand-low__adoption-0.75__disruption-capacity_reduction__seed-4,selfish,low,1,0.75,8,capacity_reduction,0.5,"(1, 2)",4,100,10,1.0,1.0,1.0,0.0,0.00980392156862745,,False,False,no_excursion
policy-selfish__demand-low__adoption-0.75__disruption-closure__seed-0,selfish,low,1,0.75,8,closure,,"(1, 2)",0,100,10,1.8,1.0,5.0,8.0,0.010869565217391304,,False,False,no_excursion
policy-selfish__demand-low__adoption-0.75__disruption-closure__seed-1,selfish,low,1,0.75,8,closure,,"(1, 2)",1,100,10,1.8,1.0,5.0,8.0,0.010869565217391304,,False,False,no_excursion
policy-selfish__demand-low__adoption-0.75__disruption-closure__seed-2,selfish,low,1,0.75,8,closure,,"(1, 2)",2,100,10,1.8,1.0,5.0,8.0,0.010869565217391304,,False,False,no_excursion
policy-selfish__demand-low__adoption-0.75__disruption-closure__seed-3,selfish,low,1,0.75,8,closure,,"(1, 2)",3,100,10,1.8,1.0,5.0,8.0,0.010869565217391304,,False,False,no_excursion
policy-selfish__demand-low__adoption-0.75__disruption-closure__seed-4,selfish,low,1,0.75,8,closure,,"(1, 2)",4,100,10,1.8,1.0,5.0,8.0,0.010869565217391304,,False,False,no_excursion
policy-selfish__demand-low__adoption-1__disruption-none__seed-0,selfish,low,1,1.0,11,none,,"(1, 2)",0,100,10,1.0,1.0,1.0,0.0,0.008928571428571428,,,False,not_applicable
policy-selfish__demand-low__adoption-1__disruption-none__seed-1,selfish,low,1,1.0,11,none,,"(1, 2)",1,100,10,1.0,1.0,1.0,0.0,0.008928571428571428,,,False,not_applicable
policy-selfish__demand-low__adoption-1__disruption-none__seed-2,selfish,low,1,1.0,11,none,,"(1, 2)",2,100,10,1.0,1.0,1.0,0.0,0.008928571428571428,,,False,not_applicable
policy-selfish__demand-low__adoption-1__disruption-none__seed-3,selfish,low,1,1.0,11,none,,"(1, 2)",3,100,10,1.0,1.0,1.0,0.0,0.008928571428571428,,,False,not_applicable
policy-selfish__demand-low__adoption-1__disruption-none__seed-4,selfish,low,1,1.0,11,none,,"(1, 2)",4,100,10,1.0,1.0,1.0,0.0,0.008928571428571428,,,False,not_applicable
policy-selfish__demand-low__adoption-1__disruption-capacity_reduction__seed-0,selfish,low,1,1.0,11,capacity_reduction,0.5,"(1, 2)",0,100,10,1.0,1.0,1.0,0.0,0.00980392156862745,,False,False,no_excursion
policy-selfish__demand-low__adoption-1__disruption-capacity_reduction__seed-1,selfish,low,1,1.0,11,capacity_reduction,0.5,"(1, 2)",1,100,10,1.0,1.0,1.0,0.0,0.00980392156862745,,False,False,no_excursion
policy-selfish__demand-low__adoption-1__disruption-capacity_reduction__seed-2,selfish,low,1,1.0,11,capacity_reduction,0.5,"(1, 2)",2,100,10,1.0,1.0,1.0,0.0,0.00980392156862745,,False,False,no_excursion
policy-selfish__demand-low__adoption-1__disruption-capacity_reduction__seed-3,selfish,low,1,1.0,11,capacity_reduction,0.5,"(1, 2)",3,100,10,1.0,1.0,1.0,0.0,0.00980392156862745,,False,False,no_excursion
policy-selfish__demand-low__adoption-1__disruption-capacity_reduction__seed-4,selfish,low,1,1.0,11,capacity_reduction,0.5,"(1, 2)",4,100,10,1.0,1.0,1.0,0.0,0.00980392156862745,,False,False,no_excursion
policy-selfish__demand-low__adoption-1__disruption-closure__seed-0,selfish,low,1,1.0,11,closure,,"(1, 2)",0,100,10,1.8,1.0,5.0,8.0,0.010869565217391304,,False,False,no_excursion
policy-selfish__demand-low__adoption-1__disruption-closure__seed-1,selfish,low,1,1.0,11,closure,,"(1, 2)",1,100,10,1.8,1.0,5.0,8.0,0.010869565217391304,,False,False,no_excursion
policy-selfish__demand-low__adoption-1__disruption-closure__seed-2,selfish,low,1,1.0,11,closure,,"(1, 2)",2,100,10,1.8,1.0,5.0,8.0,0.010869565217391304,,False,False,no_excursion
policy-selfish__demand-low__adoption-1__disruption-closure__seed-3,selfish,low,1,1.0,11,closure,,"(1, 2)",3,100,10,1.8,1.0,5.0,8.0,0.010869565217391304,,False,False,no_excursion
policy-selfish__demand-low__adoption-1__disruption-closure__seed-4,selfish,low,1,1.0,11,closure,,"(1, 2)",4,100,10,1.8,1.0,5.0,8.0,0.010869565217391304,,False,False,no_excursion
policy-selfish__demand-medium__adoption-0__disruption-none__seed-0,selfish,medium,5,0.0,0,none,,"(1, 2)",0,100,50,2.4,3.0,3.0,70.0,0.044642857142857144,,,False,not_applicable
policy-selfish__demand-medium__adoption-0__disruption-none__seed-1,selfish,medium,5,0.0,0,none,,"(1, 2)",1,100,50,2.4,3.0,3.0,70.0,0.044642857142857144,,,False,not_applicable
policy-selfish__demand-medium__adoption-0__disruption-none__seed-2,selfish,medium,5,0.0,0,none,,"(1, 2)",2,100,50,2.4,3.0,3.0,70.0,0.044642857142857144,,,False,not_applicable
policy-selfish__demand-medium__adoption-0__disruption-none__seed-3,selfish,medium,5,0.0,0,none,,"(1, 2)",3,100,50,2.4,3.0,3.0,70.0,0.044642857142857144,,,False,not_applicable
policy-selfish__demand-medium__adoption-0__disruption-none__seed-4,selfish,medium,5,0.0,0,none,,"(1, 2)",4,100,50,2.4,3.0,3.0,70.0,0.044642857142857144,,,False,not_applicable
policy-selfish__demand-medium__adoption-0__disruption-capacity_reduction__seed-0,selfish,medium,5,0.0,0,capacity_reduction,0.5,"(1, 2)",0,100,50,2.4,3.0,3.0,70.0,0.049019607843137254,,False,False,no_excursion
policy-selfish__demand-medium__adoption-0__disruption-capacity_reduction__seed-1,selfish,medium,5,0.0,0,capacity_reduction,0.5,"(1, 2)",1,100,50,2.4,3.0,3.0,70.0,0.049019607843137254,,False,False,no_excursion
policy-selfish__demand-medium__adoption-0__disruption-capacity_reduction__seed-2,selfish,medium,5,0.0,0,capacity_reduction,0.5,"(1, 2)",2,100,50,2.4,3.0,3.0,70.0,0.049019607843137254,,False,False,no_excursion
policy-selfish__demand-medium__adoption-0__disruption-capacity_reduction__seed-3,selfish,medium,5,0.0,0,capacity_reduction,0.5,"(1, 2)",3,100,50,2.4,3.0,3.0,70.0,0.049019607843137254,,False,False,no_excursion
policy-selfish__demand-medium__adoption-0__disruption-capacity_reduction__seed-4,selfish,medium,5,0.0,0,capacity_reduction,0.5,"(1, 2)",4,100,50,2.4,3.0,3.0,70.0,0.049019607843137254,,False,False,no_excursion
policy-selfish__demand-medium__adoption-0__disruption-closure__seed-0,selfish,medium,5,0.0,0,closure,,"(1, 2)",0,100,50,3.2,3.0,7.0,110.0,0.05434782608695652,,False,False,no_excursion
policy-selfish__demand-medium__adoption-0__disruption-closure__seed-1,selfish,medium,5,0.0,0,closure,,"(1, 2)",1,100,50,3.2,3.0,7.0,110.0,0.05434782608695652,,False,False,no_excursion
policy-selfish__demand-medium__adoption-0__disruption-closure__seed-2,selfish,medium,5,0.0,0,closure,,"(1, 2)",2,100,50,3.2,3.0,7.0,110.0,0.05434782608695652,,False,False,no_excursion
policy-selfish__demand-medium__adoption-0__disruption-closure__seed-3,selfish,medium,5,0.0,0,closure,,"(1, 2)",3,100,50,3.2,3.0,7.0,110.0,0.05434782608695652,,False,False,no_excursion
policy-selfish__demand-medium__adoption-0__disruption-closure__seed-4,selfish,medium,5,0.0,0,closure,,"(1, 2)",4,100,50,3.2,3.0,7.0,110.0,0.05434782608695652,,False,False,no_excursion
policy-selfish__demand-medium__adoption-0.25__disruption-none__seed-0,selfish,medium,5,0.25,14,none,,"(1, 2)",0,100,50,2.4,3.0,3.0,70.0,0.044642857142857144,,,False,not_applicable
policy-selfish__demand-medium__adoption-0.25__disruption-none__seed-1,selfish,medium,5,0.25,14,none,,"(1, 2)",1,100,50,2.4,3.0,3.0,70.0,0.044642857142857144,,,False,not_applicable
policy-selfish__demand-medium__adoption-0.25__disruption-none__seed-2,selfish,medium,5,0.25,14,none,,"(1, 2)",2,100,50,2.4,3.0,3.0,70.0,0.044642857142857144,,,False,not_applicable
policy-selfish__demand-medium__adoption-0.25__disruption-none__seed-3,selfish,medium,5,0.25,14,none,,"(1, 2)",3,100,50,2.4,3.0,3.0,70.0,0.044642857142857144,,,False,not_applicable
policy-selfish__demand-medium__adoption-0.25__disruption-none__seed-4,selfish,medium,5,0.25,14,none,,"(1, 2)",4,100,50,2.4,3.0,3.0,70.0,0.044642857142857144,,,False,not_applicable
policy-selfish__demand-medium__adoption-0.25__disruption-capacity_reduction__seed-0,selfish,medium,5,0.25,14,capacity_reduction,0.5,"(1, 2)",0,100,50,2.4,3.0,3.0,70.0,0.049019607843137254,,False,False,no_excursion
policy-selfish__demand-medium__adoption-0.25__disruption-capacity_reduction__seed-1,selfish,medium,5,0.25,14,capacity_reduction,0.5,"(1, 2)",1,100,50,2.4,3.0,3.0,70.0,0.049019607843137254,,False,False,no_excursion
policy-selfish__demand-medium__adoption-0.25__disruption-capacity_reduction__seed-2,selfish,medium,5,0.25,14,capacity_reduction,0.5,"(1, 2)",2,100,50,2.4,3.0,3.0,70.0,0.049019607843137254,,False,False,no_excursion
policy-selfish__demand-medium__adoption-0.25__disruption-capacity_reduction__seed-3,selfish,medium,5,0.25,14,capacity_reduction,0.5,"(1, 2)",3,100,50,2.4,3.0,3.0,70.0,0.049019607843137254,,False,False,no_excursion
policy-selfish__demand-medium__adoption-0.25__disruption-capacity_reduction__seed-4,selfish,medium,5,0.25,14,capacity_reduction,0.5,"(1, 2)",4,100,50,2.4,3.0,3.0,70.0,0.049019607843137254,,False,False,no_excursion
policy-selfish__demand-medium__adoption-0.25__disruption-closure__seed-0,selfish,medium,5,0.25,14,closure,,"(1, 2)",0,100,50,3.2,3.0,7.0,110.0,0.05434782608695652,,False,False,no_excursion
policy-selfish__demand-medium__adoption-0.25__disruption-closure__seed-1,selfish,medium,5,0.25,14,closure,,"(1, 2)",1,100,50,3.2,3.0,7.0,110.0,0.05434782608695652,,False,False,no_excursion
policy-selfish__demand-medium__adoption-0.25__disruption-closure__seed-2,selfish,medium,5,0.25,14,closure,,"(1, 2)",2,100,50,3.2,3.0,7.0,110.0,0.05434782608695652,,False,False,no_excursion
policy-selfish__demand-medium__adoption-0.25__disruption-closure__seed-3,selfish,medium,5,0.25,14,closure,,"(1, 2)",3,100,50,3.2,3.0,7.0,110.0,0.05434782608695652,,False,False,no_excursion
policy-selfish__demand-medium__adoption-0.25__disruption-closure__seed-4,selfish,medium,5,0.25,14,closure,,"(1, 2)",4,100,50,3.2,3.0,7.0,110.0,0.05434782608695652,,False,False,no_excursion
policy-selfish__demand-medium__adoption-0.5__disruption-none__seed-0,selfish,medium,5,0.5,28,none,,"(1, 2)",0,100,50,2.4,3.0,3.0,70.0,0.044642857142857144,,,False,not_applicable
policy-selfish__demand-medium__adoption-0.5__disruption-none__seed-1,selfish,medium,5,0.5,28,none,,"(1, 2)",1,100,50,2.4,3.0,3.0,70.0,0.044642857142857144,,,False,not_applicable
policy-selfish__demand-medium__adoption-0.5__disruption-none__seed-2,selfish,medium,5,0.5,28,none,,"(1, 2)",2,100,50,2.4,3.0,3.0,70.0,0.044642857142857144,,,False,not_applicable
policy-selfish__demand-medium__adoption-0.5__disruption-none__seed-3,selfish,medium,5,0.5,28,none,,"(1, 2)",3,100,50,2.4,3.0,3.0,70.0,0.044642857142857144,,,False,not_applicable
policy-selfish__demand-medium__adoption-0.5__disruption-none__seed-4,selfish,medium,5,0.5,28,none,,"(1, 2)",4,100,50,2.4,3.0,3.0,70.0,0.044642857142857144,,,False,not_applicable
policy-selfish__demand-medium__adoption-0.5__disruption-capacity_reduction__seed-0,selfish,medium,5,0.5,28,capacity_reduction,0.5,"(1, 2)",0,100,50,2.4,3.0,3.0,70.0,0.049019607843137254,,False,False,no_excursion
policy-selfish__demand-medium__adoption-0.5__disruption-capacity_reduction__seed-1,selfish,medium,5,0.5,28,capacity_reduction,0.5,"(1, 2)",1,100,50,2.4,3.0,3.0,70.0,0.049019607843137254,,False,False,no_excursion
policy-selfish__demand-medium__adoption-0.5__disruption-capacity_reduction__seed-2,selfish,medium,5,0.5,28,capacity_reduction,0.5,"(1, 2)",2,100,50,2.4,3.0,3.0,70.0,0.049019607843137254,,False,False,no_excursion
policy-selfish__demand-medium__adoption-0.5__disruption-capacity_reduction__seed-3,selfish,medium,5,0.5,28,capacity_reduction,0.5,"(1, 2)",3,100,50,2.4,3.0,3.0,70.0,0.049019607843137254,,False,False,no_excursion
policy-selfish__demand-medium__adoption-0.5__disruption-capacity_reduction__seed-4,selfish,medium,5,0.5,28,capacity_reduction,0.5,"(1, 2)",4,100,50,2.4,3.0,3.0,70.0,0.049019607843137254,,False,False,no_excursion
policy-selfish__demand-medium__adoption-0.5__disruption-closure__seed-0,selfish,medium,5,0.5,28,closure,,"(1, 2)",0,100,50,3.2,3.0,7.0,110.0,0.05434782608695652,,False,False,no_excursion
policy-selfish__demand-medium__adoption-0.5__disruption-closure__seed-1,selfish,medium,5,0.5,28,closure,,"(1, 2)",1,100,50,3.2,3.0,7.0,110.0,0.05434782608695652,,False,False,no_excursion
policy-selfish__demand-medium__adoption-0.5__disruption-closure__seed-2,selfish,medium,5,0.5,28,closure,,"(1, 2)",2,100,50,3.2,3.0,7.0,110.0,0.05434782608695652,,False,False,no_excursion
policy-selfish__demand-medium__adoption-0.5__disruption-closure__seed-3,selfish,medium,5,0.5,28,closure,,"(1, 2)",3,100,50,3.2,3.0,7.0,110.0,0.05434782608695652,,False,False,no_excursion
policy-selfish__demand-medium__adoption-0.5__disruption-closure__seed-4,selfish,medium,5,0.5,28,closure,,"(1, 2)",4,100,50,3.2,3.0,7.0,110.0,0.05434782608695652,,False,False,no_excursion
policy-selfish__demand-medium__adoption-0.75__disruption-none__seed-0,selfish,medium,5,0.75,41,none,,"(1, 2)",0,100,50,2.4,3.0,3.0,70.0,0.044642857142857144,,,False,not_applicable
policy-selfish__demand-medium__adoption-0.75__disruption-none__seed-1,selfish,medium,5,0.75,41,none,,"(1, 2)",1,100,50,2.4,3.0,3.0,70.0,0.044642857142857144,,,False,not_applicable
policy-selfish__demand-medium__adoption-0.75__disruption-none__seed-2,selfish,medium,5,0.75,41,none,,"(1, 2)",2,100,50,2.4,3.0,3.0,70.0,0.044642857142857144,,,False,not_applicable
policy-selfish__demand-medium__adoption-0.75__disruption-none__seed-3,selfish,medium,5,0.75,41,none,,"(1, 2)",3,100,50,2.4,3.0,3.0,70.0,0.044642857142857144,,,False,not_applicable
policy-selfish__demand-medium__adoption-0.75__disruption-none__seed-4,selfish,medium,5,0.75,41,none,,"(1, 2)",4,100,50,2.4,3.0,3.0,70.0,0.044642857142857144,,,False,not_applicable
policy-selfish__demand-medium__adoption-0.75__disruption-capacity_reduction__seed-0,selfish,medium,5,0.75,41,capacity_reduction,0.5,"(1, 2)",0,100,50,2.4,3.0,3.0,70.0,0.049019607843137254,,False,False,no_excursion
policy-selfish__demand-medium__adoption-0.75__disruption-capacity_reduction__seed-1,selfish,medium,5,0.75,41,capacity_reduction,0.5,"(1, 2)",1,100,50,2.4,3.0,3.0,70.0,0.049019607843137254,,False,False,no_excursion
policy-selfish__demand-medium__adoption-0.75__disruption-capacity_reduction__seed-2,selfish,medium,5,0.75,41,capacity_reduction,0.5,"(1, 2)",2,100,50,2.4,3.0,3.0,70.0,0.049019607843137254,,False,False,no_excursion
policy-selfish__demand-medium__adoption-0.75__disruption-capacity_reduction__seed-3,selfish,medium,5,0.75,41,capacity_reduction,0.5,"(1, 2)",3,100,50,2.4,3.0,3.0,70.0,0.049019607843137254,,False,False,no_excursion
policy-selfish__demand-medium__adoption-0.75__disruption-capacity_reduction__seed-4,selfish,medium,5,0.75,41,capacity_reduction,0.5,"(1, 2)",4,100,50,2.4,3.0,3.0,70.0,0.049019607843137254,,False,False,no_excursion
policy-selfish__demand-medium__adoption-0.75__disruption-closure__seed-0,selfish,medium,5,0.75,41,closure,,"(1, 2)",0,100,50,3.2,3.0,7.0,110.0,0.05434782608695652,,False,False,no_excursion
policy-selfish__demand-medium__adoption-0.75__disruption-closure__seed-1,selfish,medium,5,0.75,41,closure,,"(1, 2)",1,100,50,3.2,3.0,7.0,110.0,0.05434782608695652,,False,False,no_excursion
policy-selfish__demand-medium__adoption-0.75__disruption-closure__seed-2,selfish,medium,5,0.75,41,closure,,"(1, 2)",2,100,50,3.2,3.0,7.0,110.0,0.05434782608695652,,False,False,no_excursion
policy-selfish__demand-medium__adoption-0.75__disruption-closure__seed-3,selfish,medium,5,0.75,41,closure,,"(1, 2)",3,100,50,3.2,3.0,7.0,110.0,0.05434782608695652,,False,False,no_excursion
policy-selfish__demand-medium__adoption-0.75__disruption-closure__seed-4,selfish,medium,5,0.75,41,closure,,"(1, 2)",4,100,50,3.2,3.0,7.0,110.0,0.05434782608695652,,False,False,no_excursion
policy-selfish__demand-medium__adoption-1__disruption-none__seed-0,selfish,medium,5,1.0,55,none,,"(1, 2)",0,100,50,2.4,3.0,3.0,70.0,0.044642857142857144,,,False,not_applicable
policy-selfish__demand-medium__adoption-1__disruption-none__seed-1,selfish,medium,5,1.0,55,none,,"(1, 2)",1,100,50,2.4,3.0,3.0,70.0,0.044642857142857144,,,False,not_applicable
policy-selfish__demand-medium__adoption-1__disruption-none__seed-2,selfish,medium,5,1.0,55,none,,"(1, 2)",2,100,50,2.4,3.0,3.0,70.0,0.044642857142857144,,,False,not_applicable
policy-selfish__demand-medium__adoption-1__disruption-none__seed-3,selfish,medium,5,1.0,55,none,,"(1, 2)",3,100,50,2.4,3.0,3.0,70.0,0.044642857142857144,,,False,not_applicable
policy-selfish__demand-medium__adoption-1__disruption-none__seed-4,selfish,medium,5,1.0,55,none,,"(1, 2)",4,100,50,2.4,3.0,3.0,70.0,0.044642857142857144,,,False,not_applicable
policy-selfish__demand-medium__adoption-1__disruption-capacity_reduction__seed-0,selfish,medium,5,1.0,55,capacity_reduction,0.5,"(1, 2)",0,100,50,2.4,3.0,3.0,70.0,0.049019607843137254,,False,False,no_excursion
policy-selfish__demand-medium__adoption-1__disruption-capacity_reduction__seed-1,selfish,medium,5,1.0,55,capacity_reduction,0.5,"(1, 2)",1,100,50,2.4,3.0,3.0,70.0,0.049019607843137254,,False,False,no_excursion
policy-selfish__demand-medium__adoption-1__disruption-capacity_reduction__seed-2,selfish,medium,5,1.0,55,capacity_reduction,0.5,"(1, 2)",2,100,50,2.4,3.0,3.0,70.0,0.049019607843137254,,False,False,no_excursion
policy-selfish__demand-medium__adoption-1__disruption-capacity_reduction__seed-3,selfish,medium,5,1.0,55,capacity_reduction,0.5,"(1, 2)",3,100,50,2.4,3.0,3.0,70.0,0.049019607843137254,,False,False,no_excursion
policy-selfish__demand-medium__adoption-1__disruption-capacity_reduction__seed-4,selfish,medium,5,1.0,55,capacity_reduction,0.5,"(1, 2)",4,100,50,2.4,3.0,3.0,70.0,0.049019607843137254,,False,False,no_excursion
policy-selfish__demand-medium__adoption-1__disruption-closure__seed-0,selfish,medium,5,1.0,55,closure,,"(1, 2)",0,100,50,3.2,3.0,7.0,110.0,0.05434782608695652,,False,False,no_excursion
policy-selfish__demand-medium__adoption-1__disruption-closure__seed-1,selfish,medium,5,1.0,55,closure,,"(1, 2)",1,100,50,3.2,3.0,7.0,110.0,0.05434782608695652,,False,False,no_excursion
policy-selfish__demand-medium__adoption-1__disruption-closure__seed-2,selfish,medium,5,1.0,55,closure,,"(1, 2)",2,100,50,3.2,3.0,7.0,110.0,0.05434782608695652,,False,False,no_excursion
policy-selfish__demand-medium__adoption-1__disruption-closure__seed-3,selfish,medium,5,1.0,55,closure,,"(1, 2)",3,100,50,3.2,3.0,7.0,110.0,0.05434782608695652,,False,False,no_excursion
policy-selfish__demand-medium__adoption-1__disruption-closure__seed-4,selfish,medium,5,1.0,55,closure,,"(1, 2)",4,100,50,3.2,3.0,7.0,110.0,0.05434782608695652,,False,False,no_excursion
policy-selfish__demand-high__adoption-0__disruption-none__seed-0,selfish,high,15,0.0,0,none,,"(1, 2)",0,100,150,2.8,3.0,3.0,270.0,0.13392857142857142,,,False,not_applicable
policy-selfish__demand-high__adoption-0__disruption-none__seed-1,selfish,high,15,0.0,0,none,,"(1, 2)",1,100,150,2.8,3.0,3.0,270.0,0.13392857142857142,,,False,not_applicable
policy-selfish__demand-high__adoption-0__disruption-none__seed-2,selfish,high,15,0.0,0,none,,"(1, 2)",2,100,150,2.8,3.0,3.0,270.0,0.13392857142857142,,,False,not_applicable
policy-selfish__demand-high__adoption-0__disruption-none__seed-3,selfish,high,15,0.0,0,none,,"(1, 2)",3,100,150,2.8,3.0,3.0,270.0,0.13392857142857142,,,False,not_applicable
policy-selfish__demand-high__adoption-0__disruption-none__seed-4,selfish,high,15,0.0,0,none,,"(1, 2)",4,100,150,2.8,3.0,3.0,270.0,0.13392857142857142,,,False,not_applicable
policy-selfish__demand-high__adoption-0__disruption-capacity_reduction__seed-0,selfish,high,15,0.0,0,capacity_reduction,0.5,"(1, 2)",0,100,150,3.013333333333333,3.0,4.550000000000011,302.0,0.14705882352941177,,False,False,no_excursion
policy-selfish__demand-high__adoption-0__disruption-capacity_reduction__seed-1,selfish,high,15,0.0,0,capacity_reduction,0.5,"(1, 2)",1,100,150,3.013333333333333,3.0,4.550000000000011,302.0,0.14705882352941177,,False,False,no_excursion
policy-selfish__demand-high__adoption-0__disruption-capacity_reduction__seed-2,selfish,high,15,0.0,0,capacity_reduction,0.5,"(1, 2)",2,100,150,3.013333333333333,3.0,4.550000000000011,302.0,0.14705882352941177,,False,False,no_excursion
policy-selfish__demand-high__adoption-0__disruption-capacity_reduction__seed-3,selfish,high,15,0.0,0,capacity_reduction,0.5,"(1, 2)",3,100,150,3.013333333333333,3.0,4.550000000000011,302.0,0.14705882352941177,,False,False,no_excursion
policy-selfish__demand-high__adoption-0__disruption-capacity_reduction__seed-4,selfish,high,15,0.0,0,capacity_reduction,0.5,"(1, 2)",4,100,150,3.013333333333333,3.0,4.550000000000011,302.0,0.14705882352941177,,False,False,no_excursion
policy-selfish__demand-high__adoption-0__disruption-closure__seed-0,selfish,high,15,0.0,0,closure,,"(1, 2)",0,100,150,3.7066666666666666,3.0,8.0,406.0,0.16304347826086957,,False,False,no_excursion
policy-selfish__demand-high__adoption-0__disruption-closure__seed-1,selfish,high,15,0.0,0,closure,,"(1, 2)",1,100,150,3.7066666666666666,3.0,8.0,406.0,0.16304347826086957,,False,False,no_excursion
policy-selfish__demand-high__adoption-0__disruption-closure__seed-2,selfish,high,15,0.0,0,closure,,"(1, 2)",2,100,150,3.7066666666666666,3.0,8.0,406.0,0.16304347826086957,,False,False,no_excursion
policy-selfish__demand-high__adoption-0__disruption-closure__seed-3,selfish,high,15,0.0,0,closure,,"(1, 2)",3,100,150,3.7066666666666666,3.0,8.0,406.0,0.16304347826086957,,False,False,no_excursion
policy-selfish__demand-high__adoption-0__disruption-closure__seed-4,selfish,high,15,0.0,0,closure,,"(1, 2)",4,100,150,3.7066666666666666,3.0,8.0,406.0,0.16304347826086957,,False,False,no_excursion
policy-selfish__demand-high__adoption-0.25__disruption-none__seed-0,selfish,high,15,0.25,41,none,,"(1, 2)",0,100,150,2.8,3.0,3.0,270.0,0.13392857142857142,,,False,not_applicable
policy-selfish__demand-high__adoption-0.25__disruption-none__seed-1,selfish,high,15,0.25,41,none,,"(1, 2)",1,100,150,2.8,3.0,3.0,270.0,0.13392857142857142,,,False,not_applicable
policy-selfish__demand-high__adoption-0.25__disruption-none__seed-2,selfish,high,15,0.25,41,none,,"(1, 2)",2,100,150,2.8,3.0,3.0,270.0,0.13392857142857142,,,False,not_applicable
policy-selfish__demand-high__adoption-0.25__disruption-none__seed-3,selfish,high,15,0.25,41,none,,"(1, 2)",3,100,150,2.8,3.0,3.0,270.0,0.13392857142857142,,,False,not_applicable
policy-selfish__demand-high__adoption-0.25__disruption-none__seed-4,selfish,high,15,0.25,41,none,,"(1, 2)",4,100,150,2.8,3.0,3.0,270.0,0.13392857142857142,,,False,not_applicable
policy-selfish__demand-high__adoption-0.25__disruption-capacity_reduction__seed-0,selfish,high,15,0.25,41,capacity_reduction,0.5,"(1, 2)",0,100,150,3.013333333333333,3.0,4.550000000000011,302.0,0.14705882352941177,,False,False,no_excursion
policy-selfish__demand-high__adoption-0.25__disruption-capacity_reduction__seed-1,selfish,high,15,0.25,41,capacity_reduction,0.5,"(1, 2)",1,100,150,3.013333333333333,3.0,4.550000000000011,302.0,0.14705882352941177,,False,False,no_excursion
policy-selfish__demand-high__adoption-0.25__disruption-capacity_reduction__seed-2,selfish,high,15,0.25,41,capacity_reduction,0.5,"(1, 2)",2,100,150,3.013333333333333,3.0,4.550000000000011,302.0,0.14705882352941177,,False,False,no_excursion
policy-selfish__demand-high__adoption-0.25__disruption-capacity_reduction__seed-3,selfish,high,15,0.25,41,capacity_reduction,0.5,"(1, 2)",3,100,150,3.013333333333333,3.0,4.550000000000011,302.0,0.14705882352941177,,False,False,no_excursion
policy-selfish__demand-high__adoption-0.25__disruption-capacity_reduction__seed-4,selfish,high,15,0.25,41,capacity_reduction,0.5,"(1, 2)",4,100,150,3.013333333333333,3.0,4.550000000000011,302.0,0.14705882352941177,,False,False,no_excursion
policy-selfish__demand-high__adoption-0.25__disruption-closure__seed-0,selfish,high,15,0.25,41,closure,,"(1, 2)",0,100,150,3.7066666666666666,3.0,8.0,406.0,0.16304347826086957,,False,False,no_excursion
policy-selfish__demand-high__adoption-0.25__disruption-closure__seed-1,selfish,high,15,0.25,41,closure,,"(1, 2)",1,100,150,3.7066666666666666,3.0,8.0,406.0,0.16304347826086957,,False,False,no_excursion
policy-selfish__demand-high__adoption-0.25__disruption-closure__seed-2,selfish,high,15,0.25,41,closure,,"(1, 2)",2,100,150,3.7066666666666666,3.0,8.0,406.0,0.16304347826086957,,False,False,no_excursion
policy-selfish__demand-high__adoption-0.25__disruption-closure__seed-3,selfish,high,15,0.25,41,closure,,"(1, 2)",3,100,150,3.7066666666666666,3.0,8.0,406.0,0.16304347826086957,,False,False,no_excursion
policy-selfish__demand-high__adoption-0.25__disruption-closure__seed-4,selfish,high,15,0.25,41,closure,,"(1, 2)",4,100,150,3.7066666666666666,3.0,8.0,406.0,0.16304347826086957,,False,False,no_excursion
policy-selfish__demand-high__adoption-0.5__disruption-none__seed-0,selfish,high,15,0.5,82,none,,"(1, 2)",0,100,150,2.8,3.0,3.0,270.0,0.13392857142857142,,,False,not_applicable
policy-selfish__demand-high__adoption-0.5__disruption-none__seed-1,selfish,high,15,0.5,82,none,,"(1, 2)",1,100,150,2.8,3.0,3.0,270.0,0.13392857142857142,,,False,not_applicable
policy-selfish__demand-high__adoption-0.5__disruption-none__seed-2,selfish,high,15,0.5,82,none,,"(1, 2)",2,100,150,2.8,3.0,3.0,270.0,0.13392857142857142,,,False,not_applicable
policy-selfish__demand-high__adoption-0.5__disruption-none__seed-3,selfish,high,15,0.5,82,none,,"(1, 2)",3,100,150,2.8,3.0,3.0,270.0,0.13392857142857142,,,False,not_applicable
policy-selfish__demand-high__adoption-0.5__disruption-none__seed-4,selfish,high,15,0.5,82,none,,"(1, 2)",4,100,150,2.8,3.0,3.0,270.0,0.13392857142857142,,,False,not_applicable
policy-selfish__demand-high__adoption-0.5__disruption-capacity_reduction__seed-0,selfish,high,15,0.5,82,capacity_reduction,0.5,"(1, 2)",0,100,150,3.013333333333333,3.0,4.550000000000011,302.0,0.14705882352941177,,False,False,no_excursion
policy-selfish__demand-high__adoption-0.5__disruption-capacity_reduction__seed-1,selfish,high,15,0.5,82,capacity_reduction,0.5,"(1, 2)",1,100,150,3.013333333333333,3.0,4.550000000000011,302.0,0.14705882352941177,,False,False,no_excursion
policy-selfish__demand-high__adoption-0.5__disruption-capacity_reduction__seed-2,selfish,high,15,0.5,82,capacity_reduction,0.5,"(1, 2)",2,100,150,3.013333333333333,3.0,4.550000000000011,302.0,0.14705882352941177,,False,False,no_excursion
policy-selfish__demand-high__adoption-0.5__disruption-capacity_reduction__seed-3,selfish,high,15,0.5,82,capacity_reduction,0.5,"(1, 2)",3,100,150,3.013333333333333,3.0,4.550000000000011,302.0,0.14705882352941177,,False,False,no_excursion
policy-selfish__demand-high__adoption-0.5__disruption-capacity_reduction__seed-4,selfish,high,15,0.5,82,capacity_reduction,0.5,"(1, 2)",4,100,150,3.013333333333333,3.0,4.550000000000011,302.0,0.14705882352941177,,False,False,no_excursion
policy-selfish__demand-high__adoption-0.5__disruption-closure__seed-0,selfish,high,15,0.5,82,closure,,"(1, 2)",0,100,150,3.7066666666666666,3.0,8.0,406.0,0.16304347826086957,,False,False,no_excursion
policy-selfish__demand-high__adoption-0.5__disruption-closure__seed-1,selfish,high,15,0.5,82,closure,,"(1, 2)",1,100,150,3.7066666666666666,3.0,8.0,406.0,0.16304347826086957,,False,False,no_excursion
policy-selfish__demand-high__adoption-0.5__disruption-closure__seed-2,selfish,high,15,0.5,82,closure,,"(1, 2)",2,100,150,3.7066666666666666,3.0,8.0,406.0,0.16304347826086957,,False,False,no_excursion
policy-selfish__demand-high__adoption-0.5__disruption-closure__seed-3,selfish,high,15,0.5,82,closure,,"(1, 2)",3,100,150,3.7066666666666666,3.0,8.0,406.0,0.16304347826086957,,False,False,no_excursion
policy-selfish__demand-high__adoption-0.5__disruption-closure__seed-4,selfish,high,15,0.5,82,closure,,"(1, 2)",4,100,150,3.7066666666666666,3.0,8.0,406.0,0.16304347826086957,,False,False,no_excursion
policy-selfish__demand-high__adoption-0.75__disruption-none__seed-0,selfish,high,15,0.75,124,none,,"(1, 2)",0,100,150,2.8,3.0,3.0,270.0,0.13392857142857142,,,False,not_applicable
policy-selfish__demand-high__adoption-0.75__disruption-none__seed-1,selfish,high,15,0.75,124,none,,"(1, 2)",1,100,150,2.8,3.0,3.0,270.0,0.13392857142857142,,,False,not_applicable
policy-selfish__demand-high__adoption-0.75__disruption-none__seed-2,selfish,high,15,0.75,124,none,,"(1, 2)",2,100,150,2.8,3.0,3.0,270.0,0.13392857142857142,,,False,not_applicable
policy-selfish__demand-high__adoption-0.75__disruption-none__seed-3,selfish,high,15,0.75,124,none,,"(1, 2)",3,100,150,2.8,3.0,3.0,270.0,0.13392857142857142,,,False,not_applicable
policy-selfish__demand-high__adoption-0.75__disruption-none__seed-4,selfish,high,15,0.75,124,none,,"(1, 2)",4,100,150,2.8,3.0,3.0,270.0,0.13392857142857142,,,False,not_applicable
policy-selfish__demand-high__adoption-0.75__disruption-capacity_reduction__seed-0,selfish,high,15,0.75,124,capacity_reduction,0.5,"(1, 2)",0,100,150,3.013333333333333,3.0,4.550000000000011,302.0,0.14705882352941177,,False,False,no_excursion
policy-selfish__demand-high__adoption-0.75__disruption-capacity_reduction__seed-1,selfish,high,15,0.75,124,capacity_reduction,0.5,"(1, 2)",1,100,150,3.013333333333333,3.0,4.550000000000011,302.0,0.14705882352941177,,False,False,no_excursion
policy-selfish__demand-high__adoption-0.75__disruption-capacity_reduction__seed-2,selfish,high,15,0.75,124,capacity_reduction,0.5,"(1, 2)",2,100,150,3.013333333333333,3.0,4.550000000000011,302.0,0.14705882352941177,,False,False,no_excursion
policy-selfish__demand-high__adoption-0.75__disruption-capacity_reduction__seed-3,selfish,high,15,0.75,124,capacity_reduction,0.5,"(1, 2)",3,100,150,3.013333333333333,3.0,4.550000000000011,302.0,0.14705882352941177,,False,False,no_excursion
policy-selfish__demand-high__adoption-0.75__disruption-capacity_reduction__seed-4,selfish,high,15,0.75,124,capacity_reduction,0.5,"(1, 2)",4,100,150,3.013333333333333,3.0,4.550000000000011,302.0,0.14705882352941177,,False,False,no_excursion
policy-selfish__demand-high__adoption-0.75__disruption-closure__seed-0,selfish,high,15,0.75,124,closure,,"(1, 2)",0,100,150,3.7066666666666666,3.0,8.0,406.0,0.16304347826086957,,False,False,no_excursion
policy-selfish__demand-high__adoption-0.75__disruption-closure__seed-1,selfish,high,15,0.75,124,closure,,"(1, 2)",1,100,150,3.7066666666666666,3.0,8.0,406.0,0.16304347826086957,,False,False,no_excursion
policy-selfish__demand-high__adoption-0.75__disruption-closure__seed-2,selfish,high,15,0.75,124,closure,,"(1, 2)",2,100,150,3.7066666666666666,3.0,8.0,406.0,0.16304347826086957,,False,False,no_excursion
policy-selfish__demand-high__adoption-0.75__disruption-closure__seed-3,selfish,high,15,0.75,124,closure,,"(1, 2)",3,100,150,3.7066666666666666,3.0,8.0,406.0,0.16304347826086957,,False,False,no_excursion
policy-selfish__demand-high__adoption-0.75__disruption-closure__seed-4,selfish,high,15,0.75,124,closure,,"(1, 2)",4,100,150,3.7066666666666666,3.0,8.0,406.0,0.16304347826086957,,False,False,no_excursion
policy-selfish__demand-high__adoption-1__disruption-none__seed-0,selfish,high,15,1.0,165,none,,"(1, 2)",0,100,150,2.8,3.0,3.0,270.0,0.13392857142857142,,,False,not_applicable
policy-selfish__demand-high__adoption-1__disruption-none__seed-1,selfish,high,15,1.0,165,none,,"(1, 2)",1,100,150,2.8,3.0,3.0,270.0,0.13392857142857142,,,False,not_applicable
policy-selfish__demand-high__adoption-1__disruption-none__seed-2,selfish,high,15,1.0,165,none,,"(1, 2)",2,100,150,2.8,3.0,3.0,270.0,0.13392857142857142,,,False,not_applicable
policy-selfish__demand-high__adoption-1__disruption-none__seed-3,selfish,high,15,1.0,165,none,,"(1, 2)",3,100,150,2.8,3.0,3.0,270.0,0.13392857142857142,,,False,not_applicable
policy-selfish__demand-high__adoption-1__disruption-none__seed-4,selfish,high,15,1.0,165,none,,"(1, 2)",4,100,150,2.8,3.0,3.0,270.0,0.13392857142857142,,,False,not_applicable
policy-selfish__demand-high__adoption-1__disruption-capacity_reduction__seed-0,selfish,high,15,1.0,165,capacity_reduction,0.5,"(1, 2)",0,100,150,3.013333333333333,3.0,4.550000000000011,302.0,0.14705882352941177,,False,False,no_excursion
policy-selfish__demand-high__adoption-1__disruption-capacity_reduction__seed-1,selfish,high,15,1.0,165,capacity_reduction,0.5,"(1, 2)",1,100,150,3.013333333333333,3.0,4.550000000000011,302.0,0.14705882352941177,,False,False,no_excursion
policy-selfish__demand-high__adoption-1__disruption-capacity_reduction__seed-2,selfish,high,15,1.0,165,capacity_reduction,0.5,"(1, 2)",2,100,150,3.013333333333333,3.0,4.550000000000011,302.0,0.14705882352941177,,False,False,no_excursion
policy-selfish__demand-high__adoption-1__disruption-capacity_reduction__seed-3,selfish,high,15,1.0,165,capacity_reduction,0.5,"(1, 2)",3,100,150,3.013333333333333,3.0,4.550000000000011,302.0,0.14705882352941177,,False,False,no_excursion
policy-selfish__demand-high__adoption-1__disruption-capacity_reduction__seed-4,selfish,high,15,1.0,165,capacity_reduction,0.5,"(1, 2)",4,100,150,3.013333333333333,3.0,4.550000000000011,302.0,0.14705882352941177,,False,False,no_excursion
policy-selfish__demand-high__adoption-1__disruption-closure__seed-0,selfish,high,15,1.0,165,closure,,"(1, 2)",0,100,150,3.7066666666666666,3.0,8.0,406.0,0.16304347826086957,,False,False,no_excursion
policy-selfish__demand-high__adoption-1__disruption-closure__seed-1,selfish,high,15,1.0,165,closure,,"(1, 2)",1,100,150,3.7066666666666666,3.0,8.0,406.0,0.16304347826086957,,False,False,no_excursion
policy-selfish__demand-high__adoption-1__disruption-closure__seed-2,selfish,high,15,1.0,165,closure,,"(1, 2)",2,100,150,3.7066666666666666,3.0,8.0,406.0,0.16304347826086957,,False,False,no_excursion
policy-selfish__demand-high__adoption-1__disruption-closure__seed-3,selfish,high,15,1.0,165,closure,,"(1, 2)",3,100,150,3.7066666666666666,3.0,8.0,406.0,0.16304347826086957,,False,False,no_excursion
policy-selfish__demand-high__adoption-1__disruption-closure__seed-4,selfish,high,15,1.0,165,closure,,"(1, 2)",4,100,150,3.7066666666666666,3.0,8.0,406.0,0.16304347826086957,,False,False,no_excursion
policy-coordinated__demand-low__adoption-0__disruption-none__seed-0,coordinated,low,1,0.0,0,none,,"(1, 2)",0,100,10,1.0,1.0,1.0,0.0,0.008928571428571428,,,False,not_applicable
policy-coordinated__demand-low__adoption-0__disruption-none__seed-1,coordinated,low,1,0.0,0,none,,"(1, 2)",1,100,10,1.0,1.0,1.0,0.0,0.008928571428571428,,,False,not_applicable
policy-coordinated__demand-low__adoption-0__disruption-none__seed-2,coordinated,low,1,0.0,0,none,,"(1, 2)",2,100,10,1.0,1.0,1.0,0.0,0.008928571428571428,,,False,not_applicable
policy-coordinated__demand-low__adoption-0__disruption-none__seed-3,coordinated,low,1,0.0,0,none,,"(1, 2)",3,100,10,1.0,1.0,1.0,0.0,0.008928571428571428,,,False,not_applicable
policy-coordinated__demand-low__adoption-0__disruption-none__seed-4,coordinated,low,1,0.0,0,none,,"(1, 2)",4,100,10,1.0,1.0,1.0,0.0,0.008928571428571428,,,False,not_applicable
policy-coordinated__demand-low__adoption-0__disruption-capacity_reduction__seed-0,coordinated,low,1,0.0,0,capacity_reduction,0.5,"(1, 2)",0,100,10,1.0,1.0,1.0,0.0,0.00980392156862745,,False,False,no_excursion
policy-coordinated__demand-low__adoption-0__disruption-capacity_reduction__seed-1,coordinated,low,1,0.0,0,capacity_reduction,0.5,"(1, 2)",1,100,10,1.0,1.0,1.0,0.0,0.00980392156862745,,False,False,no_excursion
policy-coordinated__demand-low__adoption-0__disruption-capacity_reduction__seed-2,coordinated,low,1,0.0,0,capacity_reduction,0.5,"(1, 2)",2,100,10,1.0,1.0,1.0,0.0,0.00980392156862745,,False,False,no_excursion
policy-coordinated__demand-low__adoption-0__disruption-capacity_reduction__seed-3,coordinated,low,1,0.0,0,capacity_reduction,0.5,"(1, 2)",3,100,10,1.0,1.0,1.0,0.0,0.00980392156862745,,False,False,no_excursion
policy-coordinated__demand-low__adoption-0__disruption-capacity_reduction__seed-4,coordinated,low,1,0.0,0,capacity_reduction,0.5,"(1, 2)",4,100,10,1.0,1.0,1.0,0.0,0.00980392156862745,,False,False,no_excursion
policy-coordinated__demand-low__adoption-0__disruption-closure__seed-0,coordinated,low,1,0.0,0,closure,,"(1, 2)",0,100,10,1.8,1.0,5.0,8.0,0.010869565217391304,,False,False,no_excursion
policy-coordinated__demand-low__adoption-0__disruption-closure__seed-1,coordinated,low,1,0.0,0,closure,,"(1, 2)",1,100,10,1.8,1.0,5.0,8.0,0.010869565217391304,,False,False,no_excursion
policy-coordinated__demand-low__adoption-0__disruption-closure__seed-2,coordinated,low,1,0.0,0,closure,,"(1, 2)",2,100,10,1.8,1.0,5.0,8.0,0.010869565217391304,,False,False,no_excursion
policy-coordinated__demand-low__adoption-0__disruption-closure__seed-3,coordinated,low,1,0.0,0,closure,,"(1, 2)",3,100,10,1.8,1.0,5.0,8.0,0.010869565217391304,,False,False,no_excursion
policy-coordinated__demand-low__adoption-0__disruption-closure__seed-4,coordinated,low,1,0.0,0,closure,,"(1, 2)",4,100,10,1.8,1.0,5.0,8.0,0.010869565217391304,,False,False,no_excursion
policy-coordinated__demand-low__adoption-0.25__disruption-none__seed-0,coordinated,low,1,0.25,3,none,,"(1, 2)",0,100,10,1.0,1.0,1.0,0.0,0.008928571428571428,,,False,not_applicable
policy-coordinated__demand-low__adoption-0.25__disruption-none__seed-1,coordinated,low,1,0.25,3,none,,"(1, 2)",1,100,10,1.0,1.0,1.0,0.0,0.008928571428571428,,,False,not_applicable
policy-coordinated__demand-low__adoption-0.25__disruption-none__seed-2,coordinated,low,1,0.25,3,none,,"(1, 2)",2,100,10,1.0,1.0,1.0,0.0,0.008928571428571428,,,False,not_applicable
policy-coordinated__demand-low__adoption-0.25__disruption-none__seed-3,coordinated,low,1,0.25,3,none,,"(1, 2)",3,100,10,1.0,1.0,1.0,0.0,0.008928571428571428,,,False,not_applicable
policy-coordinated__demand-low__adoption-0.25__disruption-none__seed-4,coordinated,low,1,0.25,3,none,,"(1, 2)",4,100,10,1.0,1.0,1.0,0.0,0.008928571428571428,,,False,not_applicable
policy-coordinated__demand-low__adoption-0.25__disruption-capacity_reduction__seed-0,coordinated,low,1,0.25,3,capacity_reduction,0.5,"(1, 2)",0,100,10,1.0,1.0,1.0,0.0,0.00980392156862745,,False,False,no_excursion
policy-coordinated__demand-low__adoption-0.25__disruption-capacity_reduction__seed-1,coordinated,low,1,0.25,3,capacity_reduction,0.5,"(1, 2)",1,100,10,1.0,1.0,1.0,0.0,0.00980392156862745,,False,False,no_excursion
policy-coordinated__demand-low__adoption-0.25__disruption-capacity_reduction__seed-2,coordinated,low,1,0.25,3,capacity_reduction,0.5,"(1, 2)",2,100,10,1.0,1.0,1.0,0.0,0.00980392156862745,,False,False,no_excursion
policy-coordinated__demand-low__adoption-0.25__disruption-capacity_reduction__seed-3,coordinated,low,1,0.25,3,capacity_reduction,0.5,"(1, 2)",3,100,10,1.0,1.0,1.0,0.0,0.00980392156862745,,False,False,no_excursion
policy-coordinated__demand-low__adoption-0.25__disruption-capacity_reduction__seed-4,coordinated,low,1,0.25,3,capacity_reduction,0.5,"(1, 2)",4,100,10,1.0,1.0,1.0,0.0,0.00980392156862745,,False,False,no_excursion
policy-coordinated__demand-low__adoption-0.25__disruption-closure__seed-0,coordinated,low,1,0.25,3,closure,,"(1, 2)",0,100,10,1.8,1.0,5.0,8.0,0.010869565217391304,,False,False,no_excursion
policy-coordinated__demand-low__adoption-0.25__disruption-closure__seed-1,coordinated,low,1,0.25,3,closure,,"(1, 2)",1,100,10,1.8,1.0,5.0,8.0,0.010869565217391304,,False,False,no_excursion
policy-coordinated__demand-low__adoption-0.25__disruption-closure__seed-2,coordinated,low,1,0.25,3,closure,,"(1, 2)",2,100,10,1.8,1.0,5.0,8.0,0.010869565217391304,,False,False,no_excursion
policy-coordinated__demand-low__adoption-0.25__disruption-closure__seed-3,coordinated,low,1,0.25,3,closure,,"(1, 2)",3,100,10,1.8,1.0,5.0,8.0,0.010869565217391304,,False,False,no_excursion
policy-coordinated__demand-low__adoption-0.25__disruption-closure__seed-4,coordinated,low,1,0.25,3,closure,,"(1, 2)",4,100,10,1.8,1.0,5.0,8.0,0.010869565217391304,,False,False,no_excursion
policy-coordinated__demand-low__adoption-0.5__disruption-none__seed-0,coordinated,low,1,0.5,6,none,,"(1, 2)",0,100,10,1.0,1.0,1.0,0.0,0.008928571428571428,,,False,not_applicable
policy-coordinated__demand-low__adoption-0.5__disruption-none__seed-1,coordinated,low,1,0.5,6,none,,"(1, 2)",1,100,10,1.0,1.0,1.0,0.0,0.008928571428571428,,,False,not_applicable
policy-coordinated__demand-low__adoption-0.5__disruption-none__seed-2,coordinated,low,1,0.5,6,none,,"(1, 2)",2,100,10,1.0,1.0,1.0,0.0,0.008928571428571428,,,False,not_applicable
policy-coordinated__demand-low__adoption-0.5__disruption-none__seed-3,coordinated,low,1,0.5,6,none,,"(1, 2)",3,100,10,1.0,1.0,1.0,0.0,0.008928571428571428,,,False,not_applicable
policy-coordinated__demand-low__adoption-0.5__disruption-none__seed-4,coordinated,low,1,0.5,6,none,,"(1, 2)",4,100,10,1.0,1.0,1.0,0.0,0.008928571428571428,,,False,not_applicable
policy-coordinated__demand-low__adoption-0.5__disruption-capacity_reduction__seed-0,coordinated,low,1,0.5,6,capacity_reduction,0.5,"(1, 2)",0,100,10,1.0,1.0,1.0,0.0,0.00980392156862745,,False,False,no_excursion
policy-coordinated__demand-low__adoption-0.5__disruption-capacity_reduction__seed-1,coordinated,low,1,0.5,6,capacity_reduction,0.5,"(1, 2)",1,100,10,1.0,1.0,1.0,0.0,0.00980392156862745,,False,False,no_excursion
policy-coordinated__demand-low__adoption-0.5__disruption-capacity_reduction__seed-2,coordinated,low,1,0.5,6,capacity_reduction,0.5,"(1, 2)",2,100,10,1.0,1.0,1.0,0.0,0.00980392156862745,,False,False,no_excursion
policy-coordinated__demand-low__adoption-0.5__disruption-capacity_reduction__seed-3,coordinated,low,1,0.5,6,capacity_reduction,0.5,"(1, 2)",3,100,10,1.0,1.0,1.0,0.0,0.00980392156862745,,False,False,no_excursion
policy-coordinated__demand-low__adoption-0.5__disruption-capacity_reduction__seed-4,coordinated,low,1,0.5,6,capacity_reduction,0.5,"(1, 2)",4,100,10,1.0,1.0,1.0,0.0,0.00980392156862745,,False,False,no_excursion
policy-coordinated__demand-low__adoption-0.5__disruption-closure__seed-0,coordinated,low,1,0.5,6,closure,,"(1, 2)",0,100,10,1.8,1.0,5.0,8.0,0.010869565217391304,,False,False,no_excursion
policy-coordinated__demand-low__adoption-0.5__disruption-closure__seed-1,coordinated,low,1,0.5,6,closure,,"(1, 2)",1,100,10,1.8,1.0,5.0,8.0,0.010869565217391304,,False,False,no_excursion
policy-coordinated__demand-low__adoption-0.5__disruption-closure__seed-2,coordinated,low,1,0.5,6,closure,,"(1, 2)",2,100,10,1.8,1.0,5.0,8.0,0.010869565217391304,,False,False,no_excursion
policy-coordinated__demand-low__adoption-0.5__disruption-closure__seed-3,coordinated,low,1,0.5,6,closure,,"(1, 2)",3,100,10,1.8,1.0,5.0,8.0,0.010869565217391304,,False,False,no_excursion
policy-coordinated__demand-low__adoption-0.5__disruption-closure__seed-4,coordinated,low,1,0.5,6,closure,,"(1, 2)",4,100,10,1.8,1.0,5.0,8.0,0.010869565217391304,,False,False,no_excursion
policy-coordinated__demand-low__adoption-0.75__disruption-none__seed-0,coordinated,low,1,0.75,8,none,,"(1, 2)",0,100,10,1.0,1.0,1.0,0.0,0.008928571428571428,,,False,not_applicable
policy-coordinated__demand-low__adoption-0.75__disruption-none__seed-1,coordinated,low,1,0.75,8,none,,"(1, 2)",1,100,10,1.0,1.0,1.0,0.0,0.008928571428571428,,,False,not_applicable
policy-coordinated__demand-low__adoption-0.75__disruption-none__seed-2,coordinated,low,1,0.75,8,none,,"(1, 2)",2,100,10,1.0,1.0,1.0,0.0,0.008928571428571428,,,False,not_applicable
policy-coordinated__demand-low__adoption-0.75__disruption-none__seed-3,coordinated,low,1,0.75,8,none,,"(1, 2)",3,100,10,1.0,1.0,1.0,0.0,0.008928571428571428,,,False,not_applicable
policy-coordinated__demand-low__adoption-0.75__disruption-none__seed-4,coordinated,low,1,0.75,8,none,,"(1, 2)",4,100,10,1.0,1.0,1.0,0.0,0.008928571428571428,,,False,not_applicable
policy-coordinated__demand-low__adoption-0.75__disruption-capacity_reduction__seed-0,coordinated,low,1,0.75,8,capacity_reduction,0.5,"(1, 2)",0,100,10,1.0,1.0,1.0,0.0,0.00980392156862745,,False,False,no_excursion
policy-coordinated__demand-low__adoption-0.75__disruption-capacity_reduction__seed-1,coordinated,low,1,0.75,8,capacity_reduction,0.5,"(1, 2)",1,100,10,1.0,1.0,1.0,0.0,0.00980392156862745,,False,False,no_excursion
policy-coordinated__demand-low__adoption-0.75__disruption-capacity_reduction__seed-2,coordinated,low,1,0.75,8,capacity_reduction,0.5,"(1, 2)",2,100,10,1.0,1.0,1.0,0.0,0.00980392156862745,,False,False,no_excursion
policy-coordinated__demand-low__adoption-0.75__disruption-capacity_reduction__seed-3,coordinated,low,1,0.75,8,capacity_reduction,0.5,"(1, 2)",3,100,10,1.0,1.0,1.0,0.0,0.00980392156862745,,False,False,no_excursion
policy-coordinated__demand-low__adoption-0.75__disruption-capacity_reduction__seed-4,coordinated,low,1,0.75,8,capacity_reduction,0.5,"(1, 2)",4,100,10,1.0,1.0,1.0,0.0,0.00980392156862745,,False,False,no_excursion
policy-coordinated__demand-low__adoption-0.75__disruption-closure__seed-0,coordinated,low,1,0.75,8,closure,,"(1, 2)",0,100,10,1.8,1.0,5.0,8.0,0.010869565217391304,,False,False,no_excursion
policy-coordinated__demand-low__adoption-0.75__disruption-closure__seed-1,coordinated,low,1,0.75,8,closure,,"(1, 2)",1,100,10,1.8,1.0,5.0,8.0,0.010869565217391304,,False,False,no_excursion
policy-coordinated__demand-low__adoption-0.75__disruption-closure__seed-2,coordinated,low,1,0.75,8,closure,,"(1, 2)",2,100,10,1.8,1.0,5.0,8.0,0.010869565217391304,,False,False,no_excursion
policy-coordinated__demand-low__adoption-0.75__disruption-closure__seed-3,coordinated,low,1,0.75,8,closure,,"(1, 2)",3,100,10,1.8,1.0,5.0,8.0,0.010869565217391304,,False,False,no_excursion
policy-coordinated__demand-low__adoption-0.75__disruption-closure__seed-4,coordinated,low,1,0.75,8,closure,,"(1, 2)",4,100,10,1.8,1.0,5.0,8.0,0.010869565217391304,,False,False,no_excursion
policy-coordinated__demand-low__adoption-1__disruption-none__seed-0,coordinated,low,1,1.0,11,none,,"(1, 2)",0,100,10,1.0,1.0,1.0,0.0,0.008928571428571428,,,False,not_applicable
policy-coordinated__demand-low__adoption-1__disruption-none__seed-1,coordinated,low,1,1.0,11,none,,"(1, 2)",1,100,10,1.0,1.0,1.0,0.0,0.008928571428571428,,,False,not_applicable
policy-coordinated__demand-low__adoption-1__disruption-none__seed-2,coordinated,low,1,1.0,11,none,,"(1, 2)",2,100,10,1.0,1.0,1.0,0.0,0.008928571428571428,,,False,not_applicable
policy-coordinated__demand-low__adoption-1__disruption-none__seed-3,coordinated,low,1,1.0,11,none,,"(1, 2)",3,100,10,1.0,1.0,1.0,0.0,0.008928571428571428,,,False,not_applicable
policy-coordinated__demand-low__adoption-1__disruption-none__seed-4,coordinated,low,1,1.0,11,none,,"(1, 2)",4,100,10,1.0,1.0,1.0,0.0,0.008928571428571428,,,False,not_applicable
policy-coordinated__demand-low__adoption-1__disruption-capacity_reduction__seed-0,coordinated,low,1,1.0,11,capacity_reduction,0.5,"(1, 2)",0,100,10,1.0,1.0,1.0,0.0,0.00980392156862745,,False,False,no_excursion
policy-coordinated__demand-low__adoption-1__disruption-capacity_reduction__seed-1,coordinated,low,1,1.0,11,capacity_reduction,0.5,"(1, 2)",1,100,10,1.0,1.0,1.0,0.0,0.00980392156862745,,False,False,no_excursion
policy-coordinated__demand-low__adoption-1__disruption-capacity_reduction__seed-2,coordinated,low,1,1.0,11,capacity_reduction,0.5,"(1, 2)",2,100,10,1.0,1.0,1.0,0.0,0.00980392156862745,,False,False,no_excursion
policy-coordinated__demand-low__adoption-1__disruption-capacity_reduction__seed-3,coordinated,low,1,1.0,11,capacity_reduction,0.5,"(1, 2)",3,100,10,1.0,1.0,1.0,0.0,0.00980392156862745,,False,False,no_excursion
policy-coordinated__demand-low__adoption-1__disruption-capacity_reduction__seed-4,coordinated,low,1,1.0,11,capacity_reduction,0.5,"(1, 2)",4,100,10,1.0,1.0,1.0,0.0,0.00980392156862745,,False,False,no_excursion
policy-coordinated__demand-low__adoption-1__disruption-closure__seed-0,coordinated,low,1,1.0,11,closure,,"(1, 2)",0,100,10,1.8,1.0,5.0,8.0,0.010869565217391304,,False,False,no_excursion
policy-coordinated__demand-low__adoption-1__disruption-closure__seed-1,coordinated,low,1,1.0,11,closure,,"(1, 2)",1,100,10,1.8,1.0,5.0,8.0,0.010869565217391304,,False,False,no_excursion
policy-coordinated__demand-low__adoption-1__disruption-closure__seed-2,coordinated,low,1,1.0,11,closure,,"(1, 2)",2,100,10,1.8,1.0,5.0,8.0,0.010869565217391304,,False,False,no_excursion
policy-coordinated__demand-low__adoption-1__disruption-closure__seed-3,coordinated,low,1,1.0,11,closure,,"(1, 2)",3,100,10,1.8,1.0,5.0,8.0,0.010869565217391304,,False,False,no_excursion
policy-coordinated__demand-low__adoption-1__disruption-closure__seed-4,coordinated,low,1,1.0,11,closure,,"(1, 2)",4,100,10,1.8,1.0,5.0,8.0,0.010869565217391304,,False,False,no_excursion
policy-coordinated__demand-medium__adoption-0__disruption-none__seed-0,coordinated,medium,5,0.0,0,none,,"(1, 2)",0,100,50,2.4,3.0,3.0,70.0,0.044642857142857144,,,False,not_applicable
policy-coordinated__demand-medium__adoption-0__disruption-none__seed-1,coordinated,medium,5,0.0,0,none,,"(1, 2)",1,100,50,2.4,3.0,3.0,70.0,0.044642857142857144,,,False,not_applicable
policy-coordinated__demand-medium__adoption-0__disruption-none__seed-2,coordinated,medium,5,0.0,0,none,,"(1, 2)",2,100,50,2.4,3.0,3.0,70.0,0.044642857142857144,,,False,not_applicable
policy-coordinated__demand-medium__adoption-0__disruption-none__seed-3,coordinated,medium,5,0.0,0,none,,"(1, 2)",3,100,50,2.4,3.0,3.0,70.0,0.044642857142857144,,,False,not_applicable
policy-coordinated__demand-medium__adoption-0__disruption-none__seed-4,coordinated,medium,5,0.0,0,none,,"(1, 2)",4,100,50,2.4,3.0,3.0,70.0,0.044642857142857144,,,False,not_applicable
policy-coordinated__demand-medium__adoption-0__disruption-capacity_reduction__seed-0,coordinated,medium,5,0.0,0,capacity_reduction,0.5,"(1, 2)",0,100,50,2.4,3.0,3.0,70.0,0.049019607843137254,,False,False,no_excursion
policy-coordinated__demand-medium__adoption-0__disruption-capacity_reduction__seed-1,coordinated,medium,5,0.0,0,capacity_reduction,0.5,"(1, 2)",1,100,50,2.4,3.0,3.0,70.0,0.049019607843137254,,False,False,no_excursion
policy-coordinated__demand-medium__adoption-0__disruption-capacity_reduction__seed-2,coordinated,medium,5,0.0,0,capacity_reduction,0.5,"(1, 2)",2,100,50,2.4,3.0,3.0,70.0,0.049019607843137254,,False,False,no_excursion
policy-coordinated__demand-medium__adoption-0__disruption-capacity_reduction__seed-3,coordinated,medium,5,0.0,0,capacity_reduction,0.5,"(1, 2)",3,100,50,2.4,3.0,3.0,70.0,0.049019607843137254,,False,False,no_excursion
policy-coordinated__demand-medium__adoption-0__disruption-capacity_reduction__seed-4,coordinated,medium,5,0.0,0,capacity_reduction,0.5,"(1, 2)",4,100,50,2.4,3.0,3.0,70.0,0.049019607843137254,,False,False,no_excursion
policy-coordinated__demand-medium__adoption-0__disruption-closure__seed-0,coordinated,medium,5,0.0,0,closure,,"(1, 2)",0,100,50,3.2,3.0,7.0,110.0,0.05434782608695652,,False,False,no_excursion
policy-coordinated__demand-medium__adoption-0__disruption-closure__seed-1,coordinated,medium,5,0.0,0,closure,,"(1, 2)",1,100,50,3.2,3.0,7.0,110.0,0.05434782608695652,,False,False,no_excursion
policy-coordinated__demand-medium__adoption-0__disruption-closure__seed-2,coordinated,medium,5,0.0,0,closure,,"(1, 2)",2,100,50,3.2,3.0,7.0,110.0,0.05434782608695652,,False,False,no_excursion
policy-coordinated__demand-medium__adoption-0__disruption-closure__seed-3,coordinated,medium,5,0.0,0,closure,,"(1, 2)",3,100,50,3.2,3.0,7.0,110.0,0.05434782608695652,,False,False,no_excursion
policy-coordinated__demand-medium__adoption-0__disruption-closure__seed-4,coordinated,medium,5,0.0,0,closure,,"(1, 2)",4,100,50,3.2,3.0,7.0,110.0,0.05434782608695652,,False,False,no_excursion
policy-coordinated__demand-medium__adoption-0.25__disruption-none__seed-0,coordinated,medium,5,0.25,14,none,,"(1, 2)",0,100,50,2.4,3.0,3.0,70.0,0.044642857142857144,,,False,not_applicable
policy-coordinated__demand-medium__adoption-0.25__disruption-none__seed-1,coordinated,medium,5,0.25,14,none,,"(1, 2)",1,100,50,2.4,3.0,3.0,70.0,0.044642857142857144,,,False,not_applicable
policy-coordinated__demand-medium__adoption-0.25__disruption-none__seed-2,coordinated,medium,5,0.25,14,none,,"(1, 2)",2,100,50,2.4,3.0,3.0,70.0,0.044642857142857144,,,False,not_applicable
policy-coordinated__demand-medium__adoption-0.25__disruption-none__seed-3,coordinated,medium,5,0.25,14,none,,"(1, 2)",3,100,50,2.4,3.0,3.0,70.0,0.044642857142857144,,,False,not_applicable
policy-coordinated__demand-medium__adoption-0.25__disruption-none__seed-4,coordinated,medium,5,0.25,14,none,,"(1, 2)",4,100,50,2.4,3.0,3.0,70.0,0.044642857142857144,,,False,not_applicable
policy-coordinated__demand-medium__adoption-0.25__disruption-capacity_reduction__seed-0,coordinated,medium,5,0.25,14,capacity_reduction,0.5,"(1, 2)",0,100,50,2.4,3.0,3.0,70.0,0.049019607843137254,,False,False,no_excursion
policy-coordinated__demand-medium__adoption-0.25__disruption-capacity_reduction__seed-1,coordinated,medium,5,0.25,14,capacity_reduction,0.5,"(1, 2)",1,100,50,2.4,3.0,3.0,70.0,0.049019607843137254,,False,False,no_excursion
policy-coordinated__demand-medium__adoption-0.25__disruption-capacity_reduction__seed-2,coordinated,medium,5,0.25,14,capacity_reduction,0.5,"(1, 2)",2,100,50,2.4,3.0,3.0,70.0,0.049019607843137254,,False,False,no_excursion
policy-coordinated__demand-medium__adoption-0.25__disruption-capacity_reduction__seed-3,coordinated,medium,5,0.25,14,capacity_reduction,0.5,"(1, 2)",3,100,50,2.4,3.0,3.0,70.0,0.049019607843137254,,False,False,no_excursion
policy-coordinated__demand-medium__adoption-0.25__disruption-capacity_reduction__seed-4,coordinated,medium,5,0.25,14,capacity_reduction,0.5,"(1, 2)",4,100,50,2.4,3.0,3.0,70.0,0.049019607843137254,,False,False,no_excursion
policy-coordinated__demand-medium__adoption-0.25__disruption-closure__seed-0,coordinated,medium,5,0.25,14,closure,,"(1, 2)",0,100,50,3.2,3.0,7.0,110.0,0.05434782608695652,,False,False,no_excursion
policy-coordinated__demand-medium__adoption-0.25__disruption-closure__seed-1,coordinated,medium,5,0.25,14,closure,,"(1, 2)",1,100,50,3.2,3.0,7.0,110.0,0.05434782608695652,,False,False,no_excursion
policy-coordinated__demand-medium__adoption-0.25__disruption-closure__seed-2,coordinated,medium,5,0.25,14,closure,,"(1, 2)",2,100,50,3.2,3.0,7.0,110.0,0.05434782608695652,,False,False,no_excursion
policy-coordinated__demand-medium__adoption-0.25__disruption-closure__seed-3,coordinated,medium,5,0.25,14,closure,,"(1, 2)",3,100,50,3.2,3.0,7.0,110.0,0.05434782608695652,,False,False,no_excursion
policy-coordinated__demand-medium__adoption-0.25__disruption-closure__seed-4,coordinated,medium,5,0.25,14,closure,,"(1, 2)",4,100,50,3.2,3.0,7.0,110.0,0.05434782608695652,,False,False,no_excursion
policy-coordinated__demand-medium__adoption-0.5__disruption-none__seed-0,coordinated,medium,5,0.5,28,none,,"(1, 2)",0,100,50,2.4,3.0,3.0,70.0,0.044642857142857144,,,False,not_applicable
policy-coordinated__demand-medium__adoption-0.5__disruption-none__seed-1,coordinated,medium,5,0.5,28,none,,"(1, 2)",1,100,50,2.4,3.0,3.0,70.0,0.044642857142857144,,,False,not_applicable
policy-coordinated__demand-medium__adoption-0.5__disruption-none__seed-2,coordinated,medium,5,0.5,28,none,,"(1, 2)",2,100,50,2.4,3.0,3.0,70.0,0.044642857142857144,,,False,not_applicable
policy-coordinated__demand-medium__adoption-0.5__disruption-none__seed-3,coordinated,medium,5,0.5,28,none,,"(1, 2)",3,100,50,2.4,3.0,3.0,70.0,0.044642857142857144,,,False,not_applicable
policy-coordinated__demand-medium__adoption-0.5__disruption-none__seed-4,coordinated,medium,5,0.5,28,none,,"(1, 2)",4,100,50,2.4,3.0,3.0,70.0,0.044642857142857144,,,False,not_applicable
policy-coordinated__demand-medium__adoption-0.5__disruption-capacity_reduction__seed-0,coordinated,medium,5,0.5,28,capacity_reduction,0.5,"(1, 2)",0,100,50,2.4,3.0,3.0,70.0,0.049019607843137254,,False,False,no_excursion
policy-coordinated__demand-medium__adoption-0.5__disruption-capacity_reduction__seed-1,coordinated,medium,5,0.5,28,capacity_reduction,0.5,"(1, 2)",1,100,50,2.4,3.0,3.0,70.0,0.049019607843137254,,False,False,no_excursion
policy-coordinated__demand-medium__adoption-0.5__disruption-capacity_reduction__seed-2,coordinated,medium,5,0.5,28,capacity_reduction,0.5,"(1, 2)",2,100,50,2.4,3.0,3.0,70.0,0.049019607843137254,,False,False,no_excursion
policy-coordinated__demand-medium__adoption-0.5__disruption-capacity_reduction__seed-3,coordinated,medium,5,0.5,28,capacity_reduction,0.5,"(1, 2)",3,100,50,2.4,3.0,3.0,70.0,0.049019607843137254,,False,False,no_excursion
policy-coordinated__demand-medium__adoption-0.5__disruption-capacity_reduction__seed-4,coordinated,medium,5,0.5,28,capacity_reduction,0.5,"(1, 2)",4,100,50,2.4,3.0,3.0,70.0,0.049019607843137254,,False,False,no_excursion
policy-coordinated__demand-medium__adoption-0.5__disruption-closure__seed-0,coordinated,medium,5,0.5,28,closure,,"(1, 2)",0,100,50,3.2,3.0,7.0,110.0,0.05434782608695652,,False,False,no_excursion
policy-coordinated__demand-medium__adoption-0.5__disruption-closure__seed-1,coordinated,medium,5,0.5,28,closure,,"(1, 2)",1,100,50,3.2,3.0,7.0,110.0,0.05434782608695652,,False,False,no_excursion
policy-coordinated__demand-medium__adoption-0.5__disruption-closure__seed-2,coordinated,medium,5,0.5,28,closure,,"(1, 2)",2,100,50,3.2,3.0,7.0,110.0,0.05434782608695652,,False,False,no_excursion
policy-coordinated__demand-medium__adoption-0.5__disruption-closure__seed-3,coordinated,medium,5,0.5,28,closure,,"(1, 2)",3,100,50,3.2,3.0,7.0,110.0,0.05434782608695652,,False,False,no_excursion
policy-coordinated__demand-medium__adoption-0.5__disruption-closure__seed-4,coordinated,medium,5,0.5,28,closure,,"(1, 2)",4,100,50,3.2,3.0,7.0,110.0,0.05434782608695652,,False,False,no_excursion
policy-coordinated__demand-medium__adoption-0.75__disruption-none__seed-0,coordinated,medium,5,0.75,41,none,,"(1, 2)",0,100,50,2.4,3.0,3.0,70.0,0.044642857142857144,,,False,not_applicable
policy-coordinated__demand-medium__adoption-0.75__disruption-none__seed-1,coordinated,medium,5,0.75,41,none,,"(1, 2)",1,100,50,2.4,3.0,3.0,70.0,0.044642857142857144,,,False,not_applicable
policy-coordinated__demand-medium__adoption-0.75__disruption-none__seed-2,coordinated,medium,5,0.75,41,none,,"(1, 2)",2,100,50,2.4,3.0,3.0,70.0,0.044642857142857144,,,False,not_applicable
policy-coordinated__demand-medium__adoption-0.75__disruption-none__seed-3,coordinated,medium,5,0.75,41,none,,"(1, 2)",3,100,50,2.4,3.0,3.0,70.0,0.044642857142857144,,,False,not_applicable
policy-coordinated__demand-medium__adoption-0.75__disruption-none__seed-4,coordinated,medium,5,0.75,41,none,,"(1, 2)",4,100,50,2.4,3.0,3.0,70.0,0.044642857142857144,,,False,not_applicable
policy-coordinated__demand-medium__adoption-0.75__disruption-capacity_reduction__seed-0,coordinated,medium,5,0.75,41,capacity_reduction,0.5,"(1, 2)",0,100,50,2.4,3.0,3.0,70.0,0.049019607843137254,,False,False,no_excursion
policy-coordinated__demand-medium__adoption-0.75__disruption-capacity_reduction__seed-1,coordinated,medium,5,0.75,41,capacity_reduction,0.5,"(1, 2)",1,100,50,2.4,3.0,3.0,70.0,0.049019607843137254,,False,False,no_excursion
policy-coordinated__demand-medium__adoption-0.75__disruption-capacity_reduction__seed-2,coordinated,medium,5,0.75,41,capacity_reduction,0.5,"(1, 2)",2,100,50,2.4,3.0,3.0,70.0,0.049019607843137254,,False,False,no_excursion
policy-coordinated__demand-medium__adoption-0.75__disruption-capacity_reduction__seed-3,coordinated,medium,5,0.75,41,capacity_reduction,0.5,"(1, 2)",3,100,50,2.4,3.0,3.0,70.0,0.049019607843137254,,False,False,no_excursion
policy-coordinated__demand-medium__adoption-0.75__disruption-capacity_reduction__seed-4,coordinated,medium,5,0.75,41,capacity_reduction,0.5,"(1, 2)",4,100,50,2.4,3.0,3.0,70.0,0.049019607843137254,,False,False,no_excursion
policy-coordinated__demand-medium__adoption-0.75__disruption-closure__seed-0,coordinated,medium,5,0.75,41,closure,,"(1, 2)",0,100,50,3.2,3.0,7.0,110.0,0.05434782608695652,,False,False,no_excursion
policy-coordinated__demand-medium__adoption-0.75__disruption-closure__seed-1,coordinated,medium,5,0.75,41,closure,,"(1, 2)",1,100,50,3.2,3.0,7.0,110.0,0.05434782608695652,,False,False,no_excursion
policy-coordinated__demand-medium__adoption-0.75__disruption-closure__seed-2,coordinated,medium,5,0.75,41,closure,,"(1, 2)",2,100,50,3.2,3.0,7.0,110.0,0.05434782608695652,,False,False,no_excursion
policy-coordinated__demand-medium__adoption-0.75__disruption-closure__seed-3,coordinated,medium,5,0.75,41,closure,,"(1, 2)",3,100,50,3.2,3.0,7.0,110.0,0.05434782608695652,,False,False,no_excursion
policy-coordinated__demand-medium__adoption-0.75__disruption-closure__seed-4,coordinated,medium,5,0.75,41,closure,,"(1, 2)",4,100,50,3.2,3.0,7.0,110.0,0.05434782608695652,,False,False,no_excursion
policy-coordinated__demand-medium__adoption-1__disruption-none__seed-0,coordinated,medium,5,1.0,55,none,,"(1, 2)",0,100,50,2.4,3.0,3.0,70.0,0.044642857142857144,,,False,not_applicable
policy-coordinated__demand-medium__adoption-1__disruption-none__seed-1,coordinated,medium,5,1.0,55,none,,"(1, 2)",1,100,50,2.4,3.0,3.0,70.0,0.044642857142857144,,,False,not_applicable
policy-coordinated__demand-medium__adoption-1__disruption-none__seed-2,coordinated,medium,5,1.0,55,none,,"(1, 2)",2,100,50,2.4,3.0,3.0,70.0,0.044642857142857144,,,False,not_applicable
policy-coordinated__demand-medium__adoption-1__disruption-none__seed-3,coordinated,medium,5,1.0,55,none,,"(1, 2)",3,100,50,2.4,3.0,3.0,70.0,0.044642857142857144,,,False,not_applicable
policy-coordinated__demand-medium__adoption-1__disruption-none__seed-4,coordinated,medium,5,1.0,55,none,,"(1, 2)",4,100,50,2.4,3.0,3.0,70.0,0.044642857142857144,,,False,not_applicable
policy-coordinated__demand-medium__adoption-1__disruption-capacity_reduction__seed-0,coordinated,medium,5,1.0,55,capacity_reduction,0.5,"(1, 2)",0,100,50,2.4,3.0,3.0,70.0,0.049019607843137254,,False,False,no_excursion
policy-coordinated__demand-medium__adoption-1__disruption-capacity_reduction__seed-1,coordinated,medium,5,1.0,55,capacity_reduction,0.5,"(1, 2)",1,100,50,2.4,3.0,3.0,70.0,0.049019607843137254,,False,False,no_excursion
policy-coordinated__demand-medium__adoption-1__disruption-capacity_reduction__seed-2,coordinated,medium,5,1.0,55,capacity_reduction,0.5,"(1, 2)",2,100,50,2.4,3.0,3.0,70.0,0.049019607843137254,,False,False,no_excursion
policy-coordinated__demand-medium__adoption-1__disruption-capacity_reduction__seed-3,coordinated,medium,5,1.0,55,capacity_reduction,0.5,"(1, 2)",3,100,50,2.4,3.0,3.0,70.0,0.049019607843137254,,False,False,no_excursion
policy-coordinated__demand-medium__adoption-1__disruption-capacity_reduction__seed-4,coordinated,medium,5,1.0,55,capacity_reduction,0.5,"(1, 2)",4,100,50,2.4,3.0,3.0,70.0,0.049019607843137254,,False,False,no_excursion
policy-coordinated__demand-medium__adoption-1__disruption-closure__seed-0,coordinated,medium,5,1.0,55,closure,,"(1, 2)",0,100,50,3.2,3.0,7.0,110.0,0.05434782608695652,,False,False,no_excursion
policy-coordinated__demand-medium__adoption-1__disruption-closure__seed-1,coordinated,medium,5,1.0,55,closure,,"(1, 2)",1,100,50,3.2,3.0,7.0,110.0,0.05434782608695652,,False,False,no_excursion
policy-coordinated__demand-medium__adoption-1__disruption-closure__seed-2,coordinated,medium,5,1.0,55,closure,,"(1, 2)",2,100,50,3.2,3.0,7.0,110.0,0.05434782608695652,,False,False,no_excursion
policy-coordinated__demand-medium__adoption-1__disruption-closure__seed-3,coordinated,medium,5,1.0,55,closure,,"(1, 2)",3,100,50,3.2,3.0,7.0,110.0,0.05434782608695652,,False,False,no_excursion
policy-coordinated__demand-medium__adoption-1__disruption-closure__seed-4,coordinated,medium,5,1.0,55,closure,,"(1, 2)",4,100,50,3.2,3.0,7.0,110.0,0.05434782608695652,,False,False,no_excursion
policy-coordinated__demand-high__adoption-0__disruption-none__seed-0,coordinated,high,15,0.0,0,none,,"(1, 2)",0,100,150,2.8,3.0,3.0,270.0,0.13392857142857142,,,False,not_applicable
policy-coordinated__demand-high__adoption-0__disruption-none__seed-1,coordinated,high,15,0.0,0,none,,"(1, 2)",1,100,150,2.8,3.0,3.0,270.0,0.13392857142857142,,,False,not_applicable
policy-coordinated__demand-high__adoption-0__disruption-none__seed-2,coordinated,high,15,0.0,0,none,,"(1, 2)",2,100,150,2.8,3.0,3.0,270.0,0.13392857142857142,,,False,not_applicable
policy-coordinated__demand-high__adoption-0__disruption-none__seed-3,coordinated,high,15,0.0,0,none,,"(1, 2)",3,100,150,2.8,3.0,3.0,270.0,0.13392857142857142,,,False,not_applicable
policy-coordinated__demand-high__adoption-0__disruption-none__seed-4,coordinated,high,15,0.0,0,none,,"(1, 2)",4,100,150,2.8,3.0,3.0,270.0,0.13392857142857142,,,False,not_applicable
policy-coordinated__demand-high__adoption-0__disruption-capacity_reduction__seed-0,coordinated,high,15,0.0,0,capacity_reduction,0.5,"(1, 2)",0,100,150,2.9466666666666668,3.0,4.550000000000011,292.0,0.14705882352941177,,False,False,no_excursion
policy-coordinated__demand-high__adoption-0__disruption-capacity_reduction__seed-1,coordinated,high,15,0.0,0,capacity_reduction,0.5,"(1, 2)",1,100,150,2.9466666666666668,3.0,4.550000000000011,292.0,0.14705882352941177,,False,False,no_excursion
policy-coordinated__demand-high__adoption-0__disruption-capacity_reduction__seed-2,coordinated,high,15,0.0,0,capacity_reduction,0.5,"(1, 2)",2,100,150,2.9466666666666668,3.0,4.550000000000011,292.0,0.14705882352941177,,False,False,no_excursion
policy-coordinated__demand-high__adoption-0__disruption-capacity_reduction__seed-3,coordinated,high,15,0.0,0,capacity_reduction,0.5,"(1, 2)",3,100,150,2.9466666666666668,3.0,4.550000000000011,292.0,0.14705882352941177,,False,False,no_excursion
policy-coordinated__demand-high__adoption-0__disruption-capacity_reduction__seed-4,coordinated,high,15,0.0,0,capacity_reduction,0.5,"(1, 2)",4,100,150,2.9466666666666668,3.0,4.550000000000011,292.0,0.14705882352941177,,False,False,no_excursion
policy-coordinated__demand-high__adoption-0__disruption-closure__seed-0,coordinated,high,15,0.0,0,closure,,"(1, 2)",0,100,150,3.7066666666666666,3.0,8.0,406.0,0.16304347826086957,,False,False,no_excursion
policy-coordinated__demand-high__adoption-0__disruption-closure__seed-1,coordinated,high,15,0.0,0,closure,,"(1, 2)",1,100,150,3.7066666666666666,3.0,8.0,406.0,0.16304347826086957,,False,False,no_excursion
policy-coordinated__demand-high__adoption-0__disruption-closure__seed-2,coordinated,high,15,0.0,0,closure,,"(1, 2)",2,100,150,3.7066666666666666,3.0,8.0,406.0,0.16304347826086957,,False,False,no_excursion
policy-coordinated__demand-high__adoption-0__disruption-closure__seed-3,coordinated,high,15,0.0,0,closure,,"(1, 2)",3,100,150,3.7066666666666666,3.0,8.0,406.0,0.16304347826086957,,False,False,no_excursion
policy-coordinated__demand-high__adoption-0__disruption-closure__seed-4,coordinated,high,15,0.0,0,closure,,"(1, 2)",4,100,150,3.7066666666666666,3.0,8.0,406.0,0.16304347826086957,,False,False,no_excursion
policy-coordinated__demand-high__adoption-0.25__disruption-none__seed-0,coordinated,high,15,0.25,41,none,,"(1, 2)",0,100,150,2.8,3.0,3.0,270.0,0.13392857142857142,,,False,not_applicable
policy-coordinated__demand-high__adoption-0.25__disruption-none__seed-1,coordinated,high,15,0.25,41,none,,"(1, 2)",1,100,150,2.8,3.0,3.0,270.0,0.13392857142857142,,,False,not_applicable
policy-coordinated__demand-high__adoption-0.25__disruption-none__seed-2,coordinated,high,15,0.25,41,none,,"(1, 2)",2,100,150,2.8,3.0,3.0,270.0,0.13392857142857142,,,False,not_applicable
policy-coordinated__demand-high__adoption-0.25__disruption-none__seed-3,coordinated,high,15,0.25,41,none,,"(1, 2)",3,100,150,2.8,3.0,3.0,270.0,0.13392857142857142,,,False,not_applicable
policy-coordinated__demand-high__adoption-0.25__disruption-none__seed-4,coordinated,high,15,0.25,41,none,,"(1, 2)",4,100,150,2.8,3.0,3.0,270.0,0.13392857142857142,,,False,not_applicable
policy-coordinated__demand-high__adoption-0.25__disruption-capacity_reduction__seed-0,coordinated,high,15,0.25,41,capacity_reduction,0.5,"(1, 2)",0,100,150,2.9466666666666668,3.0,4.550000000000011,292.0,0.14705882352941177,,False,False,no_excursion
policy-coordinated__demand-high__adoption-0.25__disruption-capacity_reduction__seed-1,coordinated,high,15,0.25,41,capacity_reduction,0.5,"(1, 2)",1,100,150,2.9466666666666668,3.0,4.550000000000011,292.0,0.14705882352941177,,False,False,no_excursion
policy-coordinated__demand-high__adoption-0.25__disruption-capacity_reduction__seed-2,coordinated,high,15,0.25,41,capacity_reduction,0.5,"(1, 2)",2,100,150,2.9466666666666668,3.0,4.550000000000011,292.0,0.14705882352941177,,False,False,no_excursion
policy-coordinated__demand-high__adoption-0.25__disruption-capacity_reduction__seed-3,coordinated,high,15,0.25,41,capacity_reduction,0.5,"(1, 2)",3,100,150,2.9466666666666668,3.0,4.550000000000011,292.0,0.14705882352941177,,False,False,no_excursion
policy-coordinated__demand-high__adoption-0.25__disruption-capacity_reduction__seed-4,coordinated,high,15,0.25,41,capacity_reduction,0.5,"(1, 2)",4,100,150,2.9466666666666668,3.0,4.550000000000011,292.0,0.14705882352941177,,False,False,no_excursion
policy-coordinated__demand-high__adoption-0.25__disruption-closure__seed-0,coordinated,high,15,0.25,41,closure,,"(1, 2)",0,100,150,3.7066666666666666,3.0,8.0,406.0,0.16304347826086957,,False,False,no_excursion
policy-coordinated__demand-high__adoption-0.25__disruption-closure__seed-1,coordinated,high,15,0.25,41,closure,,"(1, 2)",1,100,150,3.7066666666666666,3.0,8.0,406.0,0.16304347826086957,,False,False,no_excursion
policy-coordinated__demand-high__adoption-0.25__disruption-closure__seed-2,coordinated,high,15,0.25,41,closure,,"(1, 2)",2,100,150,3.7066666666666666,3.0,8.0,406.0,0.16304347826086957,,False,False,no_excursion
policy-coordinated__demand-high__adoption-0.25__disruption-closure__seed-3,coordinated,high,15,0.25,41,closure,,"(1, 2)",3,100,150,3.7066666666666666,3.0,8.0,406.0,0.16304347826086957,,False,False,no_excursion
policy-coordinated__demand-high__adoption-0.25__disruption-closure__seed-4,coordinated,high,15,0.25,41,closure,,"(1, 2)",4,100,150,3.7066666666666666,3.0,8.0,406.0,0.16304347826086957,,False,False,no_excursion
policy-coordinated__demand-high__adoption-0.5__disruption-none__seed-0,coordinated,high,15,0.5,82,none,,"(1, 2)",0,100,150,2.8,3.0,3.0,270.0,0.13392857142857142,,,False,not_applicable
policy-coordinated__demand-high__adoption-0.5__disruption-none__seed-1,coordinated,high,15,0.5,82,none,,"(1, 2)",1,100,150,2.8,3.0,3.0,270.0,0.13392857142857142,,,False,not_applicable
policy-coordinated__demand-high__adoption-0.5__disruption-none__seed-2,coordinated,high,15,0.5,82,none,,"(1, 2)",2,100,150,2.8,3.0,3.0,270.0,0.13392857142857142,,,False,not_applicable
policy-coordinated__demand-high__adoption-0.5__disruption-none__seed-3,coordinated,high,15,0.5,82,none,,"(1, 2)",3,100,150,2.8,3.0,3.0,270.0,0.13392857142857142,,,False,not_applicable
policy-coordinated__demand-high__adoption-0.5__disruption-none__seed-4,coordinated,high,15,0.5,82,none,,"(1, 2)",4,100,150,2.8,3.0,3.0,270.0,0.13392857142857142,,,False,not_applicable
policy-coordinated__demand-high__adoption-0.5__disruption-capacity_reduction__seed-0,coordinated,high,15,0.5,82,capacity_reduction,0.5,"(1, 2)",0,100,150,2.9466666666666668,3.0,4.550000000000011,292.0,0.14705882352941177,,False,False,no_excursion
policy-coordinated__demand-high__adoption-0.5__disruption-capacity_reduction__seed-1,coordinated,high,15,0.5,82,capacity_reduction,0.5,"(1, 2)",1,100,150,2.9466666666666668,3.0,4.550000000000011,292.0,0.14705882352941177,,False,False,no_excursion
policy-coordinated__demand-high__adoption-0.5__disruption-capacity_reduction__seed-2,coordinated,high,15,0.5,82,capacity_reduction,0.5,"(1, 2)",2,100,150,2.9466666666666668,3.0,4.550000000000011,292.0,0.14705882352941177,,False,False,no_excursion
policy-coordinated__demand-high__adoption-0.5__disruption-capacity_reduction__seed-3,coordinated,high,15,0.5,82,capacity_reduction,0.5,"(1, 2)",3,100,150,2.9466666666666668,3.0,4.550000000000011,292.0,0.14705882352941177,,False,False,no_excursion
policy-coordinated__demand-high__adoption-0.5__disruption-capacity_reduction__seed-4,coordinated,high,15,0.5,82,capacity_reduction,0.5,"(1, 2)",4,100,150,2.9466666666666668,3.0,4.550000000000011,292.0,0.14705882352941177,,False,False,no_excursion
policy-coordinated__demand-high__adoption-0.5__disruption-closure__seed-0,coordinated,high,15,0.5,82,closure,,"(1, 2)",0,100,150,3.7066666666666666,3.0,8.0,406.0,0.16304347826086957,,False,False,no_excursion
policy-coordinated__demand-high__adoption-0.5__disruption-closure__seed-1,coordinated,high,15,0.5,82,closure,,"(1, 2)",1,100,150,3.7066666666666666,3.0,8.0,406.0,0.16304347826086957,,False,False,no_excursion
policy-coordinated__demand-high__adoption-0.5__disruption-closure__seed-2,coordinated,high,15,0.5,82,closure,,"(1, 2)",2,100,150,3.7066666666666666,3.0,8.0,406.0,0.16304347826086957,,False,False,no_excursion
policy-coordinated__demand-high__adoption-0.5__disruption-closure__seed-3,coordinated,high,15,0.5,82,closure,,"(1, 2)",3,100,150,3.7066666666666666,3.0,8.0,406.0,0.16304347826086957,,False,False,no_excursion
policy-coordinated__demand-high__adoption-0.5__disruption-closure__seed-4,coordinated,high,15,0.5,82,closure,,"(1, 2)",4,100,150,3.7066666666666666,3.0,8.0,406.0,0.16304347826086957,,False,False,no_excursion
policy-coordinated__demand-high__adoption-0.75__disruption-none__seed-0,coordinated,high,15,0.75,124,none,,"(1, 2)",0,100,150,2.8,3.0,3.0,270.0,0.13392857142857142,,,False,not_applicable
policy-coordinated__demand-high__adoption-0.75__disruption-none__seed-1,coordinated,high,15,0.75,124,none,,"(1, 2)",1,100,150,2.8,3.0,3.0,270.0,0.13392857142857142,,,False,not_applicable
policy-coordinated__demand-high__adoption-0.75__disruption-none__seed-2,coordinated,high,15,0.75,124,none,,"(1, 2)",2,100,150,2.8,3.0,3.0,270.0,0.13392857142857142,,,False,not_applicable
policy-coordinated__demand-high__adoption-0.75__disruption-none__seed-3,coordinated,high,15,0.75,124,none,,"(1, 2)",3,100,150,2.8,3.0,3.0,270.0,0.13392857142857142,,,False,not_applicable
policy-coordinated__demand-high__adoption-0.75__disruption-none__seed-4,coordinated,high,15,0.75,124,none,,"(1, 2)",4,100,150,2.8,3.0,3.0,270.0,0.13392857142857142,,,False,not_applicable
policy-coordinated__demand-high__adoption-0.75__disruption-capacity_reduction__seed-0,coordinated,high,15,0.75,124,capacity_reduction,0.5,"(1, 2)",0,100,150,2.9466666666666668,3.0,4.550000000000011,292.0,0.14705882352941177,,False,False,no_excursion
policy-coordinated__demand-high__adoption-0.75__disruption-capacity_reduction__seed-1,coordinated,high,15,0.75,124,capacity_reduction,0.5,"(1, 2)",1,100,150,2.9466666666666668,3.0,4.550000000000011,292.0,0.14705882352941177,,False,False,no_excursion
policy-coordinated__demand-high__adoption-0.75__disruption-capacity_reduction__seed-2,coordinated,high,15,0.75,124,capacity_reduction,0.5,"(1, 2)",2,100,150,2.9466666666666668,3.0,4.550000000000011,292.0,0.14705882352941177,,False,False,no_excursion
policy-coordinated__demand-high__adoption-0.75__disruption-capacity_reduction__seed-3,coordinated,high,15,0.75,124,capacity_reduction,0.5,"(1, 2)",3,100,150,2.9466666666666668,3.0,4.550000000000011,292.0,0.14705882352941177,,False,False,no_excursion
policy-coordinated__demand-high__adoption-0.75__disruption-capacity_reduction__seed-4,coordinated,high,15,0.75,124,capacity_reduction,0.5,"(1, 2)",4,100,150,2.9466666666666668,3.0,4.550000000000011,292.0,0.14705882352941177,,False,False,no_excursion
policy-coordinated__demand-high__adoption-0.75__disruption-closure__seed-0,coordinated,high,15,0.75,124,closure,,"(1, 2)",0,100,150,3.7066666666666666,3.0,8.0,406.0,0.16304347826086957,,False,False,no_excursion
policy-coordinated__demand-high__adoption-0.75__disruption-closure__seed-1,coordinated,high,15,0.75,124,closure,,"(1, 2)",1,100,150,3.7066666666666666,3.0,8.0,406.0,0.16304347826086957,,False,False,no_excursion
policy-coordinated__demand-high__adoption-0.75__disruption-closure__seed-2,coordinated,high,15,0.75,124,closure,,"(1, 2)",2,100,150,3.7066666666666666,3.0,8.0,406.0,0.16304347826086957,,False,False,no_excursion
policy-coordinated__demand-high__adoption-0.75__disruption-closure__seed-3,coordinated,high,15,0.75,124,closure,,"(1, 2)",3,100,150,3.7066666666666666,3.0,8.0,406.0,0.16304347826086957,,False,False,no_excursion
policy-coordinated__demand-high__adoption-0.75__disruption-closure__seed-4,coordinated,high,15,0.75,124,closure,,"(1, 2)",4,100,150,3.7066666666666666,3.0,8.0,406.0,0.16304347826086957,,False,False,no_excursion
policy-coordinated__demand-high__adoption-1__disruption-none__seed-0,coordinated,high,15,1.0,165,none,,"(1, 2)",0,100,150,2.8,3.0,3.0,270.0,0.13392857142857142,,,False,not_applicable
policy-coordinated__demand-high__adoption-1__disruption-none__seed-1,coordinated,high,15,1.0,165,none,,"(1, 2)",1,100,150,2.8,3.0,3.0,270.0,0.13392857142857142,,,False,not_applicable
policy-coordinated__demand-high__adoption-1__disruption-none__seed-2,coordinated,high,15,1.0,165,none,,"(1, 2)",2,100,150,2.8,3.0,3.0,270.0,0.13392857142857142,,,False,not_applicable
policy-coordinated__demand-high__adoption-1__disruption-none__seed-3,coordinated,high,15,1.0,165,none,,"(1, 2)",3,100,150,2.8,3.0,3.0,270.0,0.13392857142857142,,,False,not_applicable
policy-coordinated__demand-high__adoption-1__disruption-none__seed-4,coordinated,high,15,1.0,165,none,,"(1, 2)",4,100,150,2.8,3.0,3.0,270.0,0.13392857142857142,,,False,not_applicable
policy-coordinated__demand-high__adoption-1__disruption-capacity_reduction__seed-0,coordinated,high,15,1.0,165,capacity_reduction,0.5,"(1, 2)",0,100,150,2.9466666666666668,3.0,4.550000000000011,292.0,0.14705882352941177,,False,False,no_excursion
policy-coordinated__demand-high__adoption-1__disruption-capacity_reduction__seed-1,coordinated,high,15,1.0,165,capacity_reduction,0.5,"(1, 2)",1,100,150,2.9466666666666668,3.0,4.550000000000011,292.0,0.14705882352941177,,False,False,no_excursion
policy-coordinated__demand-high__adoption-1__disruption-capacity_reduction__seed-2,coordinated,high,15,1.0,165,capacity_reduction,0.5,"(1, 2)",2,100,150,2.9466666666666668,3.0,4.550000000000011,292.0,0.14705882352941177,,False,False,no_excursion
policy-coordinated__demand-high__adoption-1__disruption-capacity_reduction__seed-3,coordinated,high,15,1.0,165,capacity_reduction,0.5,"(1, 2)",3,100,150,2.9466666666666668,3.0,4.550000000000011,292.0,0.14705882352941177,,False,False,no_excursion
policy-coordinated__demand-high__adoption-1__disruption-capacity_reduction__seed-4,coordinated,high,15,1.0,165,capacity_reduction,0.5,"(1, 2)",4,100,150,2.9466666666666668,3.0,4.550000000000011,292.0,0.14705882352941177,,False,False,no_excursion
policy-coordinated__demand-high__adoption-1__disruption-closure__seed-0,coordinated,high,15,1.0,165,closure,,"(1, 2)",0,100,150,3.7066666666666666,3.0,8.0,406.0,0.16304347826086957,,False,False,no_excursion
policy-coordinated__demand-high__adoption-1__disruption-closure__seed-1,coordinated,high,15,1.0,165,closure,,"(1, 2)",1,100,150,3.7066666666666666,3.0,8.0,406.0,0.16304347826086957,,False,False,no_excursion
policy-coordinated__demand-high__adoption-1__disruption-closure__seed-2,coordinated,high,15,1.0,165,closure,,"(1, 2)",2,100,150,3.7066666666666666,3.0,8.0,406.0,0.16304347826086957,,False,False,no_excursion
policy-coordinated__demand-high__adoption-1__disruption-closure__seed-3,coordinated,high,15,1.0,165,closure,,"(1, 2)",3,100,150,3.7066666666666666,3.0,8.0,406.0,0.16304347826086957,,False,False,no_excursion
policy-coordinated__demand-high__adoption-1__disruption-closure__seed-4,coordinated,high,15,1.0,165,closure,,"(1, 2)",4,100,150,3.7066666666666666,3.0,8.0,406.0,0.16304347826086957,,False,False,no_excursion
